{"genetico": {"ruta": [64, 51, 53, 86, 49, 80, 60, 17, 87, 30, 0, 74, 19, 72, 84, 29, 7, 33, 39, 77, 47, 42, 56, 58, 41, 92, 78, 91, 34, 99, 52, 3, 23, 68, 22, 28, 90, 63, 85, 1, 69, 61, 97, 32, 48, 2, 6, 81, 57, 20, 45, 21, 24, 36, 82, 5, 26, 15, 73, 96, 8, 37, 89, 10, 38, 79, 11, 95, 55, 18, 31, 25, 62, 14, 88, 44, 40, 65, 66, 46, 50, 71, 83, 59, 75, 94, 98, 27, 67, 4, 76, 13, 54, 35, 93, 12, 16, 9, 70, 43], "distancia": 708.9514461004675}, "aco": {"ruta": [81, 8, 68, 47, 16, 94, 2, 71, 97, 43, 32, 14, 0, 9, 23, 6, 44, 33, 25, 54, 96, 18, 67, 27, 63, 58, 29, 84, 88, 98, 50, 73, 46, 66, 38, 4, 41, 92, 90, 21, 35, 40, 37, 75, 65, 28, 34, 10, 93, 56, 89, 45, 15, 69, 48, 24, 62, 42, 72, 61, 20, 91, 57, 99, 12, 78, 52, 59, 83, 1, 19, 13, 74, 22, 11, 30, 17, 80, 82, 85, 64, 60, 3, 36, 53, 49, 5, 86, 51, 87, 79, 26, 76, 7, 77, 70, 31, 95, 39, 55, 81], "distancia": 173.1056427628975}}