{"genetico": {"ruta": [60, 85, 51, 3, 5, 86, 36, 80, 53, 82, 17, 22, 9, 77, 52, 57, 87, 49, 72, 71, 59, 30, 13, 69, 0, 26, 33, 84, 16, 34, 7, 31, 67, 8, 40, 81, 46, 48, 94, 63, 92, 38, 50, 11, 43, 27, 88, 15, 91, 78, 83, 58, 61, 42, 2, 65, 73, 54, 23, 79, 28, 45, 20, 95, 75, 76, 12, 74, 32, 93, 99, 56, 39, 66, 41, 96, 44, 19, 21, 70, 47, 6, 18, 25, 97, 89, 10, 37, 90, 29, 4, 55, 62, 1, 14, 68, 35, 24, 98, 64], "distancia": 686.0451783310134, "tiempo": 3.9670979976654053}, "aco": {"ruta": [37, 75, 47, 16, 94, 2, 71, 97, 0, 14, 32, 43, 9, 23, 6, 44, 33, 25, 54, 96, 18, 67, 27, 63, 58, 29, 84, 88, 98, 50, 73, 46, 66, 38, 4, 41, 92, 90, 21, 35, 40, 28, 89, 10, 93, 56, 34, 15, 69, 48, 45, 24, 62, 42, 72, 61, 20, 91, 57, 99, 12, 78, 52, 59, 83, 1, 19, 13, 74, 22, 11, 30, 17, 80, 82, 85, 64, 60, 3, 36, 53, 49, 5, 86, 51, 87, 79, 7, 77, 76, 26, 31, 70, 55, 39, 95, 81, 8, 68, 65, 37], "distancia": 172.34955130955635, "tiempo": 122.92627501487732}}