{"genetico": {"ruta": [190, 71, 182, 164, 185, 121, 109, 97, 124, 59, 143, 149, 105, 30, 73, 10, 94, 131, 70, 110, 23, 120, 160, 51, 42, 20, 58, 41, 179, 169, 140, 167, 122, 134, 126, 187, 152, 198, 31, 11, 101, 150, 91, 82, 85, 13, 191, 158, 192, 157, 46, 188, 132, 90, 65, 7, 8, 168, 155, 194, 1, 153, 128, 66, 53, 93, 40, 48, 100, 17, 151, 19, 52, 78, 28, 34, 83, 79, 26, 176, 24, 69, 172, 80, 183, 39, 102, 141, 87, 50, 99, 60, 116, 125, 145, 61, 81, 193, 171, 47, 64, 36, 159, 96, 177, 38, 186, 86, 147, 162, 4, 115, 21, 111, 114, 178, 45, 144, 2, 9, 43, 108, 174, 137, 154, 74, 76, 106, 189, 15, 118, 18, 146, 72, 175, 163, 98, 55, 138, 195, 5, 113, 84, 14, 170, 35, 37, 112, 173, 148, 75, 44, 3, 197, 103, 180, 0, 49, 27, 130, 161, 196, 165, 142, 54, 92, 139, 88, 127, 133, 16, 107, 29, 123, 135, 156, 25, 57, 12, 199, 68, 95, 181, 77, 22, 32, 62, 119, 33, 129, 104, 166, 89, 117, 56, 63, 67, 6, 136, 184], "distancia": 1676.3475965436521}, "aco": {"ruta": [180, 106, 156, 101, 42, 127, 141, 114, 150, 56, 8, 102, 158, 148, 189, 122, 173, 137, 12, 194, 163, 74, 197, 32, 116, 19, 104, 178, 62, 1, 43, 89, 193, 129, 60, 174, 63, 67, 190, 45, 76, 44, 134, 195, 88, 61, 108, 144, 75, 142, 118, 183, 9, 199, 110, 47, 53, 140, 165, 80, 182, 169, 103, 70, 27, 152, 30, 132, 90, 86, 82, 157, 52, 46, 85, 188, 96, 48, 38, 143, 83, 186, 78, 40, 55, 93, 28, 145, 121, 59, 105, 6, 72, 69, 191, 123, 24, 73, 16, 176, 161, 92, 170, 54, 175, 5, 113, 167, 13, 0, 2, 133, 41, 68, 58, 23, 128, 164, 111, 172, 125, 153, 196, 3, 10, 84, 124, 37, 81, 94, 7, 179, 87, 91, 64, 20, 97, 187, 71, 162, 4, 166, 49, 50, 31, 168, 21, 192, 36, 138, 115, 109, 35, 18, 146, 139, 149, 155, 26, 135, 107, 119, 34, 17, 99, 151, 29, 11, 14, 185, 112, 184, 117, 130, 15, 160, 77, 51, 33, 25, 154, 65, 57, 39, 131, 126, 136, 95, 79, 98, 198, 120, 147, 22, 100, 181, 171, 159, 177, 66, 180], "distancia": 328.1170379449552}}