{"genetico": {"ruta": [21, 0, 191, 7, 84, 187, 62, 160, 29, 151, 44, 5, 123, 73, 64, 177, 103, 162, 154, 173, 124, 107, 144, 141, 110, 149, 170, 2, 1, 90, 47, 69, 4, 14, 43, 15, 25, 87, 148, 119, 35, 109, 59, 143, 121, 145, 183, 91, 127, 54, 113, 161, 94, 6, 50, 31, 79, 150, 126, 135, 68, 199, 138, 72, 169, 188, 9, 80, 134, 108, 111, 136, 194, 89, 174, 45, 190, 76, 105, 195, 22, 131, 168, 192, 137, 39, 133, 128, 18, 13, 49, 86, 74, 175, 132, 30, 146, 26, 129, 66, 38, 142, 33, 46, 196, 75, 116, 65, 70, 118, 164, 81, 56, 3, 184, 178, 10, 180, 172, 185, 101, 41, 20, 99, 153, 57, 63, 82, 97, 23, 19, 198, 100, 156, 8, 98, 114, 12, 117, 147, 96, 152, 95, 24, 139, 17, 130, 71, 158, 102, 163, 167, 176, 16, 32, 120, 67, 11, 193, 189, 112, 181, 155, 36, 179, 171, 106, 166, 52, 55, 159, 28, 85, 48, 83, 93, 157, 140, 53, 27, 88, 58, 34, 77, 122, 104, 125, 92, 61, 182, 186, 40, 78, 115, 60, 197, 42, 51, 165, 37], "distancia": 1657.8782625410565, "tiempo": 66.72309708595276}, "aco": {"ruta": [124, 37, 81, 14, 185, 112, 184, 94, 7, 179, 87, 91, 64, 20, 97, 187, 71, 162, 4, 166, 49, 50, 31, 168, 21, 192, 36, 138, 115, 109, 35, 18, 6, 72, 69, 191, 123, 24, 73, 16, 176, 161, 92, 175, 54, 170, 5, 113, 167, 13, 0, 99, 133, 41, 151, 11, 84, 10, 128, 164, 111, 172, 125, 153, 196, 3, 23, 58, 68, 34, 17, 2, 194, 12, 163, 74, 197, 32, 116, 19, 104, 178, 62, 1, 43, 89, 193, 129, 60, 174, 63, 67, 190, 45, 76, 44, 134, 195, 61, 88, 108, 131, 126, 136, 95, 79, 169, 103, 70, 27, 30, 152, 132, 90, 86, 82, 157, 52, 46, 85, 188, 96, 48, 38, 143, 83, 186, 145, 121, 78, 40, 55, 93, 28, 66, 182, 80, 47, 53, 140, 165, 199, 110, 144, 75, 9, 183, 118, 142, 106, 180, 156, 101, 42, 127, 141, 114, 150, 56, 8, 102, 158, 148, 189, 57, 122, 173, 137, 154, 65, 25, 33, 117, 77, 51, 160, 15, 130, 39, 98, 147, 120, 198, 22, 100, 181, 171, 159, 177, 59, 105, 146, 139, 149, 155, 26, 135, 107, 119, 29, 124], "distancia": 325.60353525369896, "tiempo": 2469.3053150177}}