{"genetico": {"ruta": [26, 58, 71, 8, 22, 95, 79, 66, 27, 28, 76, 86, 15, 45, 78, 44, 99, 70, 69, 93, 12, 84, 72, 3, 98, 77, 39, 25, 1, 57, 90, 61, 46, 18, 40, 14, 33, 91, 67, 31, 21, 97, 11, 50, 54, 32, 29, 30, 20, 73, 83, 4, 38, 68, 19, 43, 74, 59, 56, 51, 82, 2, 62, 13, 55, 63, 49, 53, 37, 6, 75, 10, 5, 41, 48, 9, 42, 64, 16, 17, 60, 24, 0, 96, 87, 89, 52, 7, 23, 94, 80, 88, 65, 36, 85, 35, 92, 34, 47, 81], "distancia": 801.4733354242122}, "aco": {"ruta": [95, 43, 22, 66, 79, 54, 72, 70, 98, 84, 51, 12, 93, 42, 48, 9, 62, 18, 20, 82, 31, 10, 55, 24, 64, 26, 46, 36, 75, 83, 17, 29, 35, 11, 0, 5, 50, 61, 92, 94, 34, 81, 7, 21, 97, 23, 30, 86, 60, 67, 52, 91, 49, 32, 63, 2, 47, 16, 65, 37, 89, 45, 15, 13, 90, 3, 85, 87, 96, 59, 53, 88, 73, 33, 1, 44, 28, 69, 78, 38, 77, 57, 56, 14, 39, 25, 8, 74, 58, 71, 27, 68, 19, 80, 40, 99, 76, 4, 41, 6, 95], "distancia": 262.37073965971166}}