{"genetico": {"ruta": [22, 43, 71, 66, 79, 68, 37, 5, 87, 89, 31, 59, 14, 56, 28, 78, 40, 32, 49, 62, 97, 23, 81, 21, 90, 10, 64, 91, 39, 95, 93, 82, 29, 61, 6, 38, 1, 85, 4, 41, 99, 53, 96, 7, 45, 60, 35, 16, 98, 47, 57, 58, 30, 50, 83, 92, 3, 44, 26, 33, 76, 80, 69, 73, 36, 2, 46, 17, 34, 94, 11, 54, 74, 8, 27, 12, 75, 19, 63, 84, 48, 9, 13, 86, 0, 52, 67, 20, 24, 51, 42, 18, 88, 15, 70, 65, 55, 72, 25, 77], "distancia": 761.6752711270847, "tiempo": 4.058682918548584}, "aco": {"ruta": [54, 72, 70, 98, 84, 51, 12, 93, 42, 48, 9, 62, 18, 20, 82, 31, 10, 55, 24, 64, 90, 15, 13, 45, 89, 37, 65, 3, 16, 47, 2, 63, 49, 32, 91, 60, 67, 52, 23, 30, 94, 92, 61, 50, 86, 11, 35, 29, 17, 85, 0, 5, 87, 96, 59, 53, 88, 73, 33, 1, 44, 28, 80, 40, 99, 76, 4, 41, 6, 97, 21, 7, 34, 81, 83, 75, 36, 26, 46, 38, 78, 69, 77, 57, 68, 19, 56, 14, 39, 25, 74, 8, 58, 71, 22, 43, 95, 66, 79, 27, 54], "distancia": 257.5916872766764, "tiempo": 124.05708599090576}}