{"genetico": {"ruta": [77, 139, 65, 86, 21, 90, 148, 152, 150, 4, 130, 39, 88, 141, 119, 79, 165, 143, 104, 158, 192, 96, 180, 11, 43, 66, 107, 49, 105, 34, 102, 169, 113, 22, 123, 137, 32, 181, 20, 140, 110, 163, 7, 126, 81, 157, 92, 91, 121, 93, 85, 51, 122, 9, 37, 179, 118, 13, 114, 72, 52, 167, 35, 153, 12, 127, 131, 182, 166, 111, 132, 195, 25, 26, 174, 108, 46, 54, 42, 29, 83, 1, 84, 149, 177, 101, 28, 63, 55, 191, 18, 76, 6, 160, 40, 78, 17, 16, 98, 116, 94, 159, 117, 59, 173, 5, 56, 75, 27, 67, 48, 50, 89, 53, 189, 136, 0, 156, 161, 176, 80, 10, 199, 144, 190, 138, 185, 99, 133, 198, 87, 70, 134, 31, 171, 38, 44, 23, 112, 3, 186, 164, 106, 172, 125, 124, 19, 178, 15, 71, 120, 61, 62, 194, 8, 147, 82, 97, 145, 69, 47, 57, 162, 45, 74, 175, 58, 30, 36, 41, 170, 187, 168, 73, 196, 188, 197, 155, 128, 103, 154, 193, 142, 60, 64, 2, 109, 100, 24, 14, 115, 95, 33, 129, 183, 135, 68, 184, 151, 146], "distancia": 1722.8953852882885}, "aco": {"ruta": [31, 99, 130, 138, 87, 148, 35, 198, 62, 29, 190, 132, 49, 25, 188, 152, 91, 65, 106, 42, 90, 101, 11, 110, 195, 175, 115, 72, 108, 5, 7, 173, 196, 177, 97, 172, 70, 124, 111, 89, 183, 37, 147, 193, 40, 81, 102, 104, 16, 51, 149, 131, 98, 96, 88, 46, 187, 54, 165, 126, 94, 71, 84, 127, 79, 32, 52, 119, 34, 105, 9, 141, 157, 39, 191, 17, 18, 64, 163, 76, 20, 135, 21, 150, 95, 142, 8, 170, 26, 55, 129, 41, 4, 92, 58, 125, 159, 82, 137, 100, 1, 182, 28, 116, 83, 176, 143, 61, 145, 75, 139, 77, 86, 43, 73, 60, 56, 134, 107, 63, 2, 69, 19, 85, 174, 153, 93, 27, 22, 171, 185, 47, 74, 30, 123, 78, 113, 133, 162, 80, 114, 68, 179, 57, 168, 158, 109, 180, 121, 24, 112, 156, 167, 160, 45, 59, 44, 67, 117, 0, 166, 103, 13, 154, 164, 36, 144, 118, 120, 136, 192, 184, 181, 23, 189, 186, 178, 155, 199, 50, 161, 3, 14, 15, 194, 169, 66, 197, 140, 10, 6, 48, 128, 38, 151, 146, 12, 122, 53, 33, 31], "distancia": 325.7226456050084}}