{"genetico": {"ruta": [20, 25, 34, 15, 30, 27, 28, 2, 8, 12, 35, 4, 0, 32, 37, 16, 31, 14, 18, 5, 19, 23, 24, 21, 6, 11, 33, 39, 36, 1, 13, 38, 22, 26, 17, 3, 10, 9, 29, 7], "distancia": 137.33764957692802, "tiempo": 1.0000698566436768}, "aco": {"ruta": [29, 7, 8, 2, 20, 28, 27, 30, 25, 34, 15, 31, 16, 37, 32, 0, 5, 14, 18, 19, 23, 24, 33, 39, 36, 1, 13, 38, 26, 22, 17, 3, 10, 9, 11, 6, 21, 4, 35, 12, 29], "distancia": 130.70481038355328, "tiempo": 25.041912078857422}}