{"genetico": {"ruta": [2, 27, 28, 25, 34, 15, 30, 20, 12, 0, 32, 37, 16, 5, 31, 14, 18, 19, 4, 35, 21, 6, 11, 33, 24, 23, 1, 13, 38, 22, 26, 17, 36, 39, 3, 10, 9, 29, 7, 8], "distancia": 144.55956393818084}, "aco": {"ruta": [39, 19, 23, 5, 14, 18, 31, 16, 37, 32, 0, 4, 35, 12, 20, 25, 28, 27, 30, 34, 15, 2, 8, 7, 29, 9, 10, 11, 6, 21, 24, 33, 3, 17, 26, 22, 38, 13, 1, 36, 39], "distancia": 130.29889431182806}}