{"genetico": {"ruta": [66, 191, 150, 169, 95, 56, 90, 109, 25, 179, 70, 136, 94, 55, 23, 111, 165, 43, 24, 160, 65, 68, 163, 193, 149, 61, 21, 67, 123, 63, 159, 37, 105, 122, 124, 143, 2, 151, 42, 130, 5, 52, 185, 141, 145, 115, 30, 53, 199, 91, 85, 173, 10, 138, 97, 175, 103, 129, 181, 13, 6, 125, 167, 137, 57, 14, 9, 82, 8, 86, 87, 96, 29, 171, 83, 64, 1, 44, 98, 182, 113, 166, 76, 100, 89, 197, 127, 74, 71, 170, 32, 102, 58, 133, 146, 142, 81, 72, 99, 154, 75, 188, 196, 15, 119, 126, 28, 112, 77, 101, 47, 7, 46, 106, 33, 11, 20, 41, 4, 186, 62, 36, 59, 131, 38, 157, 0, 176, 39, 79, 3, 117, 84, 78, 172, 49, 18, 189, 31, 34, 107, 183, 155, 110, 174, 12, 120, 104, 45, 152, 184, 178, 88, 69, 16, 158, 180, 118, 194, 54, 190, 80, 19, 50, 144, 147, 134, 153, 35, 140, 139, 108, 92, 22, 60, 164, 27, 162, 161, 73, 168, 198, 40, 192, 26, 132, 116, 177, 128, 114, 17, 93, 156, 187, 195, 135, 148, 51, 48, 121], "distancia": 1700.4481598331454}, "aco": {"ruta": [79, 118, 54, 98, 90, 143, 145, 37, 9, 72, 38, 185, 167, 100, 99, 33, 45, 139, 196, 155, 144, 14, 60, 52, 7, 198, 168, 58, 117, 2, 73, 149, 91, 74, 115, 35, 0, 129, 55, 67, 169, 80, 190, 61, 59, 36, 181, 123, 95, 56, 21, 53, 158, 179, 152, 180, 157, 125, 131, 12, 11, 172, 6, 65, 194, 177, 49, 70, 163, 46, 128, 120, 160, 136, 126, 176, 31, 133, 18, 130, 184, 77, 161, 68, 137, 154, 140, 62, 153, 17, 57, 24, 127, 159, 148, 146, 78, 22, 107, 34, 3, 39, 89, 175, 182, 5, 178, 105, 124, 20, 76, 112, 166, 1, 83, 84, 135, 113, 111, 138, 121, 63, 151, 96, 23, 51, 94, 29, 186, 75, 27, 26, 170, 173, 32, 97, 10, 101, 41, 85, 197, 64, 134, 87, 28, 4, 132, 48, 8, 102, 147, 88, 86, 69, 42, 82, 103, 187, 142, 156, 119, 44, 81, 92, 188, 192, 114, 122, 104, 71, 189, 19, 183, 171, 195, 30, 110, 193, 25, 93, 50, 150, 165, 108, 47, 116, 16, 15, 141, 13, 66, 191, 199, 109, 164, 106, 40, 43, 174, 162, 79], "distancia": 332.1973628060813}}