{"genetico": {"ruta": [10, 109, 199, 124, 97, 8, 108, 94, 39, 130, 42, 160, 122, 107, 30, 102, 155, 41, 193, 139, 157, 62, 26, 132, 165, 9, 159, 20, 29, 56, 177, 183, 78, 84, 87, 92, 44, 49, 153, 79, 50, 171, 45, 14, 190, 53, 19, 133, 178, 180, 125, 73, 141, 113, 156, 195, 150, 126, 114, 151, 74, 198, 65, 0, 110, 173, 197, 147, 51, 99, 134, 69, 119, 13, 12, 174, 80, 38, 104, 170, 96, 143, 100, 149, 115, 25, 168, 106, 58, 7, 68, 152, 2, 129, 144, 33, 154, 172, 93, 16, 161, 90, 47, 127, 82, 111, 32, 54, 52, 57, 164, 59, 123, 55, 135, 22, 162, 116, 46, 179, 163, 21, 95, 67, 36, 181, 61, 3, 118, 40, 75, 35, 11, 158, 140, 72, 196, 6, 77, 120, 136, 103, 88, 66, 191, 138, 187, 63, 89, 18, 137, 60, 145, 37, 43, 175, 70, 166, 142, 105, 83, 131, 112, 64, 71, 167, 85, 117, 91, 86, 192, 128, 81, 34, 121, 1, 148, 182, 146, 24, 169, 5, 76, 15, 98, 17, 188, 194, 185, 48, 28, 4, 101, 27, 184, 189, 31, 186, 176, 23], "distancia": 1683.5217867324527, "tiempo": 13.209527969360352}, "aco": {"ruta": [114, 192, 122, 44, 81, 112, 166, 1, 83, 84, 135, 113, 111, 138, 142, 86, 88, 69, 42, 82, 103, 187, 64, 197, 85, 41, 28, 4, 134, 87, 132, 48, 8, 102, 27, 75, 186, 29, 23, 51, 94, 96, 151, 147, 156, 20, 124, 76, 105, 178, 5, 182, 175, 107, 34, 3, 39, 89, 31, 133, 18, 130, 184, 77, 161, 68, 137, 154, 140, 62, 153, 17, 57, 24, 125, 131, 12, 11, 172, 6, 65, 194, 177, 49, 70, 163, 46, 128, 120, 160, 136, 126, 176, 22, 78, 146, 148, 159, 183, 19, 189, 71, 104, 171, 195, 30, 110, 193, 25, 93, 50, 150, 165, 13, 141, 15, 16, 116, 47, 108, 43, 174, 40, 106, 2, 73, 149, 91, 74, 115, 35, 0, 129, 55, 67, 169, 80, 190, 61, 59, 36, 181, 123, 95, 56, 199, 109, 164, 117, 58, 168, 198, 60, 52, 162, 100, 167, 127, 99, 33, 45, 139, 196, 155, 144, 14, 90, 143, 145, 37, 9, 72, 38, 185, 7, 79, 118, 54, 98, 157, 180, 152, 179, 158, 53, 21, 66, 191, 10, 101, 97, 173, 170, 32, 26, 63, 121, 119, 92, 188, 114], "distancia": 326.2967637381803, "tiempo": 467.4601719379425}}