{"genetico": {"ruta": [55, 87, 76, 26, 84, 47, 0, 69, 57, 5, 50, 15, 46, 9, 93, 19, 62, 1, 70, 91, 67, 36, 74, 88, 29, 77, 59, 83, 23, 10, 18, 31, 32, 24, 92, 90, 65, 53, 95, 68, 97, 38, 39, 82, 96, 63, 2, 85, 41, 48, 66, 13, 35, 81, 45, 40, 34, 17, 16, 12, 20, 27, 6, 78, 98, 51, 7, 49, 43, 52, 8, 75, 4, 44, 60, 94, 64, 54, 42, 99, 28, 58, 30, 22, 3, 21, 25, 89, 86, 71, 61, 33, 11, 56, 14, 37, 80, 73, 79, 72], "distancia": 719.4120070428189, "tiempo": 3.899188995361328}, "aco": {"ruta": [42, 81, 99, 88, 98, 66, 92, 36, 4, 8, 85, 64, 65, 35, 60, 58, 24, 70, 29, 62, 96, 75, 13, 51, 9, 7, 67, 1, 54, 83, 63, 49, 44, 82, 45, 19, 78, 47, 33, 25, 56, 21, 77, 93, 52, 14, 69, 22, 57, 0, 46, 40, 34, 30, 95, 10, 23, 39, 89, 86, 11, 18, 32, 73, 71, 27, 80, 61, 79, 6, 37, 3, 20, 31, 72, 28, 12, 38, 55, 50, 87, 15, 76, 5, 68, 16, 97, 26, 17, 59, 84, 91, 74, 90, 48, 2, 43, 53, 94, 41, 42], "distancia": 213.32478056164086, "tiempo": 121.97296404838562}}