{"genetico": {"ruta": [81, 29, 70, 66, 60, 12, 32, 26, 69, 17, 68, 91, 53, 54, 25, 19, 41, 1, 36, 58, 93, 6, 73, 31, 20, 11, 56, 94, 82, 33, 57, 39, 86, 80, 27, 10, 23, 77, 24, 15, 18, 44, 9, 75, 49, 78, 45, 62, 74, 92, 63, 85, 4, 47, 7, 42, 8, 88, 30, 65, 83, 22, 76, 79, 71, 37, 3, 61, 98, 48, 87, 16, 90, 84, 35, 46, 2, 97, 52, 43, 99, 13, 96, 51, 64, 67, 59, 72, 21, 14, 89, 95, 28, 34, 0, 38, 40, 50, 5, 55], "distancia": 717.4469762001123}, "aco": {"ruta": [80, 71, 27, 3, 20, 37, 6, 31, 72, 28, 12, 38, 55, 50, 87, 15, 76, 5, 68, 16, 97, 26, 17, 59, 84, 91, 74, 90, 48, 2, 43, 53, 94, 41, 42, 81, 99, 88, 98, 66, 92, 36, 4, 85, 8, 64, 65, 35, 60, 58, 24, 70, 63, 49, 29, 62, 96, 75, 13, 51, 9, 7, 1, 67, 54, 83, 82, 44, 45, 19, 78, 47, 33, 25, 56, 21, 77, 93, 52, 14, 69, 57, 22, 46, 40, 0, 34, 30, 95, 10, 23, 39, 89, 86, 11, 18, 32, 73, 79, 61, 80], "distancia": 214.1330700266181}}