{"genetico": {"ruta": [85, 61, 70, 138, 0, 7, 30, 148, 73, 96, 124, 79, 46, 82, 147, 42, 11, 62, 75, 25, 4, 103, 145, 67, 90, 74, 5, 24, 120, 52, 114, 6, 98, 29, 119, 34, 122, 12, 115, 45, 94, 131, 112, 21, 100, 58, 101, 133, 125, 38, 129, 71, 83, 117, 66, 139, 40, 77, 135, 118, 132, 48, 111, 106, 140, 27, 65, 26, 15, 97, 20, 31, 32, 144, 84, 128, 63, 8, 107, 93, 36, 88, 39, 59, 130, 126, 23, 55, 109, 95, 142, 56, 69, 47, 92, 44, 49, 87, 33, 141, 136, 78, 1, 43, 28, 81, 60, 146, 2, 123, 104, 9, 113, 80, 137, 108, 3, 18, 10, 22, 57, 41, 121, 53, 35, 143, 105, 116, 72, 76, 17, 19, 37, 127, 99, 89, 51, 91, 102, 54, 110, 134, 50, 149, 68, 16, 13, 14, 64, 86], "distancia": 1233.1595934435, "tiempo": 7.865260124206543}, "aco": {"ruta": [120, 44, 74, 20, 0, 99, 47, 86, 94, 69, 31, 92, 64, 97, 136, 70, 127, 26, 23, 79, 112, 8, 75, 53, 52, 144, 9, 19, 41, 17, 113, 117, 82, 129, 66, 107, 62, 118, 142, 133, 88, 84, 146, 48, 63, 106, 57, 76, 37, 55, 111, 30, 87, 91, 134, 140, 131, 38, 16, 110, 2, 135, 51, 3, 93, 28, 119, 89, 149, 148, 49, 121, 50, 60, 81, 35, 36, 141, 95, 67, 73, 103, 56, 33, 130, 139, 109, 128, 125, 123, 132, 80, 46, 102, 72, 4, 1, 14, 68, 78, 7, 32, 15, 21, 27, 126, 114, 124, 22, 83, 104, 138, 39, 90, 147, 116, 98, 54, 143, 100, 137, 58, 13, 25, 29, 24, 6, 10, 34, 122, 12, 43, 145, 11, 101, 40, 77, 115, 42, 5, 65, 18, 59, 108, 105, 71, 45, 96, 85, 61, 120], "distancia": 277.8769518334702, "tiempo": 261.43875098228455}}