{"genetico": {"ruta": [85, 61, 23, 63, 52, 90, 50, 51, 103, 59, 137, 58, 117, 97, 74, 96, 47, 120, 70, 17, 130, 81, 123, 54, 10, 40, 31, 138, 98, 143, 108, 121, 60, 33, 7, 26, 99, 42, 124, 48, 118, 79, 131, 145, 18, 12, 49, 35, 102, 140, 67, 142, 107, 146, 125, 128, 129, 69, 148, 91, 82, 109, 22, 24, 25, 93, 9, 95, 111, 57, 80, 144, 4, 19, 55, 45, 1, 41, 133, 84, 73, 14, 122, 100, 44, 126, 15, 28, 89, 110, 6, 43, 64, 20, 94, 104, 132, 53, 27, 78, 112, 32, 83, 114, 0, 68, 139, 5, 149, 147, 116, 119, 29, 16, 105, 76, 30, 2, 113, 72, 115, 3, 87, 135, 37, 106, 71, 39, 86, 136, 8, 36, 56, 11, 34, 134, 13, 141, 46, 75, 127, 92, 21, 77, 65, 101, 66, 62, 38, 88], "distancia": 1197.5898061529585}, "aco": {"ruta": [130, 139, 105, 71, 45, 108, 59, 100, 137, 58, 13, 116, 98, 54, 143, 18, 65, 5, 42, 115, 12, 34, 122, 40, 77, 101, 145, 11, 43, 6, 10, 24, 29, 25, 93, 28, 119, 89, 149, 148, 49, 121, 50, 60, 81, 35, 36, 141, 95, 67, 73, 103, 56, 33, 109, 128, 82, 129, 66, 107, 62, 118, 133, 88, 84, 146, 48, 63, 106, 57, 76, 37, 55, 111, 30, 87, 91, 134, 140, 131, 38, 16, 110, 2, 135, 51, 3, 17, 113, 123, 132, 80, 46, 102, 125, 142, 117, 41, 19, 9, 144, 53, 52, 8, 75, 78, 1, 4, 7, 32, 15, 21, 27, 126, 114, 124, 22, 83, 104, 138, 39, 90, 147, 68, 14, 72, 23, 26, 79, 112, 127, 70, 20, 0, 99, 47, 86, 69, 94, 31, 92, 64, 97, 136, 120, 44, 74, 61, 85, 96, 130], "distancia": 278.5916708327177}}