{"genetico": {"ruta": [35, 15, 17, 29, 24, 37, 5, 36, 39, 33, 16, 0, 18, 9, 1, 26, 12, 28, 4, 25, 30, 27, 2, 10, 13, 7, 31, 8, 38, 32, 21, 23, 11, 34, 22, 19, 6, 14, 20, 3], "distancia": 109.72524230560263, "tiempo": 0.9904398918151855}, "aco": {"ruta": [23, 8, 28, 4, 7, 13, 10, 2, 27, 30, 25, 12, 26, 32, 38, 31, 1, 34, 9, 18, 0, 16, 33, 39, 36, 5, 37, 24, 29, 17, 15, 35, 22, 19, 6, 14, 20, 3, 11, 21, 23], "distancia": 101.26505747746218, "tiempo": 25.00109314918518}}