{"genetico": {"ruta": [19, 35, 15, 17, 24, 37, 5, 36, 29, 0, 16, 33, 18, 9, 34, 22, 6, 11, 21, 23, 32, 38, 1, 31, 8, 39, 13, 7, 28, 4, 25, 30, 10, 2, 27, 12, 26, 14, 20, 3], "distancia": 127.83548216698364}, "aco": {"ruta": [8, 28, 4, 7, 13, 10, 2, 27, 30, 25, 12, 26, 32, 38, 31, 1, 34, 9, 18, 0, 16, 33, 39, 36, 5, 37, 24, 29, 17, 15, 35, 22, 19, 6, 14, 20, 3, 11, 23, 21, 8], "distancia": 101.26505747746216}}