{"genetico": {"ruta": [128, 5, 103, 142, 77, 52, 131, 40, 145, 34, 122, 41, 76, 48, 81, 47, 95, 45, 25, 126, 31, 85, 98, 42, 39, 16, 3, 69, 38, 123, 55, 138, 96, 32, 110, 144, 62, 0, 20, 101, 61, 107, 113, 10, 13, 56, 112, 8, 64, 9, 93, 94, 53, 127, 6, 99, 26, 7, 15, 82, 14, 148, 100, 28, 135, 134, 46, 141, 147, 139, 90, 37, 116, 87, 57, 92, 115, 29, 12, 4, 30, 21, 140, 114, 59, 68, 2, 130, 109, 72, 27, 71, 83, 91, 60, 108, 43, 36, 50, 19, 106, 78, 51, 97, 124, 104, 102, 11, 65, 22, 111, 121, 70, 44, 79, 54, 120, 143, 74, 1, 67, 136, 75, 49, 118, 146, 63, 73, 18, 132, 86, 105, 119, 117, 149, 66, 89, 17, 33, 129, 88, 137, 80, 84, 125, 35, 58, 23, 24, 133], "distancia": 1190.5352053179256, "tiempo": 7.831027984619141}, "aco": {"ruta": [92, 148, 30, 60, 21, 38, 108, 114, 0, 78, 57, 85, 51, 63, 31, 11, 143, 76, 97, 105, 75, 41, 115, 20, 17, 133, 146, 138, 96, 44, 35, 126, 124, 136, 102, 91, 101, 131, 107, 25, 68, 13, 59, 70, 89, 119, 66, 86, 140, 4, 139, 28, 61, 77, 34, 52, 144, 71, 29, 109, 94, 132, 111, 79, 26, 99, 149, 127, 110, 65, 22, 135, 134, 6, 18, 33, 81, 83, 72, 73, 106, 104, 24, 46, 122, 19, 27, 23, 113, 90, 87, 142, 116, 37, 58, 118, 84, 125, 98, 47, 112, 69, 56, 93, 55, 49, 42, 10, 64, 74, 48, 8, 53, 32, 130, 123, 1, 39, 141, 67, 129, 54, 100, 12, 120, 40, 117, 147, 145, 62, 80, 137, 7, 15, 82, 14, 103, 88, 3, 128, 5, 50, 9, 43, 95, 2, 16, 45, 121, 36, 92], "distancia": 290.85388292333596, "tiempo": 262.5557827949524}}