{"genetico": {"ruta": [103, 82, 3, 14, 36, 87, 7, 88, 47, 43, 49, 122, 53, 24, 68, 19, 35, 13, 26, 12, 11, 133, 59, 86, 108, 22, 127, 99, 54, 83, 18, 115, 105, 38, 148, 37, 142, 118, 34, 52, 91, 129, 81, 6, 71, 39, 135, 72, 131, 117, 40, 73, 46, 123, 126, 119, 31, 141, 109, 138, 9, 114, 147, 139, 85, 137, 0, 104, 21, 30, 94, 101, 77, 149, 65, 110, 60, 29, 44, 98, 84, 2, 121, 144, 1, 125, 113, 27, 146, 15, 96, 75, 64, 69, 95, 145, 57, 76, 42, 136, 70, 120, 124, 50, 74, 16, 93, 56, 41, 45, 89, 102, 4, 107, 92, 112, 28, 48, 32, 116, 33, 140, 8, 132, 143, 67, 111, 58, 23, 55, 62, 80, 100, 25, 78, 63, 17, 90, 61, 106, 66, 134, 79, 130, 97, 10, 20, 51, 128, 5], "distancia": 1137.716844743597}, "aco": {"ruta": [3, 88, 15, 7, 121, 137, 45, 16, 95, 2, 9, 43, 50, 36, 76, 97, 105, 75, 41, 19, 64, 10, 42, 49, 55, 93, 98, 125, 47, 112, 69, 56, 84, 118, 37, 116, 58, 142, 87, 90, 113, 23, 27, 48, 74, 8, 53, 32, 130, 123, 1, 39, 141, 33, 81, 83, 72, 73, 106, 104, 24, 133, 17, 20, 115, 122, 46, 29, 71, 144, 52, 18, 6, 61, 77, 34, 28, 139, 4, 86, 140, 66, 147, 117, 136, 91, 120, 40, 102, 101, 131, 107, 25, 124, 126, 44, 35, 96, 60, 21, 38, 108, 70, 59, 89, 13, 68, 119, 114, 0, 78, 57, 51, 85, 63, 31, 11, 143, 148, 92, 30, 138, 146, 100, 12, 129, 67, 110, 127, 149, 26, 99, 79, 132, 94, 109, 111, 134, 135, 22, 65, 54, 145, 62, 14, 82, 103, 80, 5, 128, 3], "distancia": 288.2541849708857}}