{"genetico": {"ruta": [143, 24, 150, 192, 95, 173, 180, 113, 142, 163, 82, 12, 124, 101, 16, 182, 110, 183, 127, 19, 36, 189, 67, 120, 96, 21, 141, 89, 80, 197, 147, 165, 158, 190, 123, 2, 75, 199, 92, 53, 134, 116, 171, 131, 86, 155, 78, 38, 70, 169, 178, 72, 64, 122, 129, 13, 57, 30, 161, 18, 144, 164, 26, 102, 40, 188, 84, 107, 145, 112, 175, 162, 23, 170, 59, 132, 184, 52, 47, 54, 126, 103, 109, 98, 37, 194, 168, 140, 83, 33, 179, 9, 41, 186, 91, 166, 51, 115, 56, 159, 39, 29, 133, 114, 5, 14, 137, 153, 11, 69, 8, 99, 136, 149, 20, 43, 139, 130, 49, 196, 88, 117, 85, 44, 74, 1, 0, 65, 81, 31, 28, 152, 187, 181, 106, 66, 90, 105, 177, 148, 93, 68, 118, 154, 146, 34, 6, 104, 4, 87, 195, 7, 121, 48, 10, 58, 100, 174, 125, 198, 61, 76, 73, 77, 185, 108, 17, 111, 63, 156, 191, 25, 32, 151, 160, 45, 138, 3, 22, 42, 62, 35, 55, 46, 71, 94, 172, 27, 50, 167, 15, 128, 135, 176, 97, 157, 193, 119, 79, 60], "distancia": 1734.2220321372633}, "aco": {"ruta": [36, 34, 59, 90, 85, 144, 27, 185, 172, 61, 20, 170, 58, 63, 5, 66, 77, 76, 149, 82, 111, 132, 48, 188, 198, 190, 17, 10, 80, 108, 23, 199, 163, 101, 160, 11, 191, 178, 70, 159, 151, 169, 181, 156, 25, 135, 84, 71, 196, 31, 187, 134, 141, 124, 116, 65, 176, 42, 195, 179, 50, 125, 7, 28, 46, 0, 183, 86, 130, 9, 60, 79, 161, 62, 92, 175, 110, 192, 53, 155, 121, 106, 6, 119, 167, 35, 55, 112, 120, 147, 69, 193, 194, 95, 157, 98, 197, 81, 91, 150, 152, 38, 4, 177, 96, 186, 18, 154, 166, 97, 8, 67, 39, 41, 72, 57, 142, 37, 145, 137, 109, 45, 64, 51, 138, 33, 29, 30, 1, 22, 105, 88, 180, 143, 99, 104, 126, 128, 49, 113, 14, 189, 102, 131, 168, 173, 164, 26, 40, 162, 146, 54, 139, 78, 94, 136, 148, 103, 43, 3, 107, 73, 123, 47, 129, 122, 13, 93, 153, 89, 174, 74, 127, 140, 16, 182, 100, 118, 2, 87, 24, 171, 165, 15, 12, 158, 117, 44, 32, 114, 68, 115, 133, 21, 75, 19, 184, 52, 56, 83, 36], "distancia": 320.52182547648374}}