{"genetico": {"ruta": [62, 161, 163, 189, 146, 149, 185, 22, 40, 85, 145, 104, 26, 43, 67, 160, 68, 38, 29, 197, 195, 7, 176, 101, 19, 34, 187, 113, 141, 170, 46, 133, 136, 4, 45, 103, 11, 30, 24, 47, 83, 153, 91, 165, 168, 95, 110, 119, 86, 171, 156, 114, 157, 35, 1, 65, 92, 28, 60, 18, 39, 105, 57, 0, 117, 135, 134, 123, 106, 172, 76, 66, 87, 179, 184, 21, 199, 139, 58, 181, 150, 15, 53, 198, 186, 178, 56, 25, 2, 73, 107, 132, 82, 69, 55, 147, 32, 84, 144, 122, 164, 3, 173, 162, 37, 94, 41, 128, 116, 36, 74, 59, 182, 192, 155, 130, 31, 115, 49, 70, 167, 9, 137, 8, 79, 159, 126, 102, 121, 148, 54, 151, 124, 12, 111, 5, 48, 158, 174, 142, 52, 16, 42, 152, 77, 90, 27, 23, 44, 81, 96, 112, 6, 51, 177, 175, 71, 194, 166, 127, 50, 13, 61, 193, 64, 180, 98, 108, 17, 20, 129, 80, 120, 72, 63, 78, 109, 154, 89, 118, 100, 97, 183, 93, 75, 33, 140, 138, 125, 99, 131, 143, 169, 88, 10, 191, 196, 14, 190, 188], "distancia": 1769.0519003429517, "tiempo": 13.368907690048218}, "aco": {"ruta": [170, 20, 61, 172, 185, 27, 90, 85, 144, 83, 56, 52, 184, 117, 44, 12, 158, 133, 21, 32, 114, 68, 115, 74, 174, 89, 153, 93, 122, 13, 15, 141, 124, 116, 65, 176, 171, 165, 91, 150, 152, 38, 4, 177, 96, 186, 135, 84, 71, 196, 31, 187, 134, 87, 2, 118, 100, 140, 16, 182, 127, 24, 195, 42, 179, 50, 125, 7, 28, 46, 0, 183, 86, 130, 9, 60, 79, 161, 62, 92, 175, 110, 192, 53, 155, 121, 106, 6, 119, 167, 35, 55, 112, 120, 147, 69, 95, 157, 98, 197, 81, 97, 8, 166, 194, 193, 29, 154, 18, 22, 30, 1, 57, 142, 37, 145, 137, 109, 45, 64, 51, 138, 33, 41, 72, 39, 67, 180, 143, 99, 104, 126, 128, 49, 113, 14, 189, 102, 131, 168, 173, 164, 26, 40, 162, 146, 139, 54, 78, 94, 136, 148, 103, 43, 3, 160, 191, 159, 70, 178, 88, 105, 151, 169, 181, 156, 25, 75, 19, 11, 163, 101, 23, 199, 107, 73, 111, 132, 48, 66, 5, 63, 77, 76, 149, 82, 190, 17, 10, 80, 108, 58, 198, 188, 47, 123, 129, 59, 34, 36, 170], "distancia": 321.60893482836934, "tiempo": 795.5923120975494}}