{"genetico": {"ruta": [2, 31, 37, 10, 9, 33, 23, 16, 7, 36, 17, 4, 12, 1, 30, 3, 29, 15, 19, 34, 11, 22, 13, 38, 14, 39, 18, 8, 20, 35, 24, 28, 21, 25, 26, 27, 32, 5, 6, 0], "distancia": 150.4405232521637, "tiempo": 1.0307269096374512}, "aco": {"ruta": [12, 4, 17, 36, 7, 39, 38, 13, 18, 3, 8, 20, 6, 0, 5, 32, 35, 27, 24, 25, 26, 29, 21, 28, 15, 19, 34, 11, 22, 2, 37, 31, 30, 14, 10, 9, 33, 23, 16, 1, 12], "distancia": 117.93983896095223, "tiempo": 25.596631050109863}}