{"genetico": {"ruta": [1, 4, 36, 7, 28, 21, 29, 25, 24, 27, 26, 15, 19, 34, 11, 22, 13, 3, 8, 20, 6, 35, 32, 5, 0, 18, 38, 39, 17, 12, 14, 30, 2, 31, 37, 10, 33, 23, 16, 9], "distancia": 138.10448366830343}, "aco": {"ruta": [9, 33, 23, 16, 1, 12, 4, 17, 36, 7, 39, 38, 13, 18, 3, 8, 20, 6, 0, 5, 32, 35, 27, 24, 25, 26, 29, 21, 28, 15, 19, 34, 11, 22, 2, 31, 37, 30, 14, 10, 9], "distancia": 116.88766860430698}}