{"genetico": {"ruta": [87, 9, 10, 57, 95, 32, 15, 73, 82, 61, 64, 68, 55, 16, 45, 59, 69, 53, 47, 35, 86, 81, 37, 5, 66, 0, 20, 80, 14, 33, 19, 4, 62, 94, 18, 17, 97, 92, 8, 90, 60, 65, 26, 46, 6, 42, 12, 13, 21, 2, 99, 51, 23, 38, 28, 22, 84, 93, 50, 44, 67, 43, 41, 40, 3, 25, 7, 79, 71, 78, 24, 48, 75, 34, 11, 89, 30, 63, 70, 76, 96, 72, 1, 52, 49, 74, 58, 27, 88, 77, 85, 36, 31, 54, 91, 39, 56, 98, 83, 29], "distancia": 641.7029778856883}, "aco": {"ruta": [17, 60, 78, 11, 2, 92, 16, 79, 7, 71, 59, 69, 53, 18, 21, 45, 5, 13, 41, 19, 33, 97, 24, 84, 64, 63, 22, 50, 83, 86, 54, 85, 65, 36, 31, 44, 70, 29, 23, 96, 82, 93, 38, 76, 67, 68, 26, 61, 77, 3, 74, 46, 55, 58, 0, 12, 20, 35, 88, 47, 66, 42, 51, 14, 8, 30, 4, 6, 40, 89, 9, 95, 73, 15, 57, 87, 10, 32, 99, 80, 94, 75, 1, 90, 27, 52, 62, 81, 25, 49, 37, 72, 43, 39, 28, 91, 56, 98, 34, 48, 17], "distancia": 163.2152619820756}}