{"genetico": {"ruta": [73, 10, 99, 32, 42, 12, 57, 89, 51, 35, 76, 1, 88, 25, 3, 58, 38, 90, 50, 43, 83, 62, 17, 13, 19, 41, 45, 40, 0, 30, 96, 65, 39, 67, 78, 27, 34, 56, 44, 31, 28, 46, 94, 33, 91, 36, 85, 2, 72, 49, 48, 59, 71, 75, 92, 11, 21, 8, 22, 82, 20, 95, 87, 15, 9, 64, 29, 5, 4, 24, 54, 86, 80, 18, 79, 16, 60, 81, 61, 97, 77, 69, 63, 26, 7, 53, 14, 6, 93, 23, 98, 70, 66, 47, 74, 55, 52, 37, 68, 84], "distancia": 664.9678300564982, "tiempo": 3.9845468997955322}, "aco": {"ruta": [48, 60, 52, 62, 27, 25, 81, 34, 49, 37, 72, 43, 39, 28, 91, 56, 98, 54, 85, 65, 36, 31, 44, 70, 29, 23, 96, 82, 93, 38, 76, 67, 68, 26, 61, 77, 3, 74, 46, 55, 58, 0, 12, 20, 35, 88, 47, 66, 42, 51, 14, 8, 30, 4, 6, 40, 89, 9, 99, 32, 10, 95, 73, 15, 57, 87, 80, 94, 5, 13, 41, 19, 33, 97, 84, 64, 63, 22, 50, 83, 86, 24, 90, 1, 78, 11, 2, 92, 75, 45, 21, 18, 53, 69, 59, 71, 7, 79, 16, 17, 48], "distancia": 164.05265415933735, "tiempo": 123.04347085952759}}