{"genetico": {"ruta": [108, 10, 105, 22, 100, 42, 84, 130, 68, 34, 135, 74, 102, 122, 63, 93, 30, 11, 60, 52, 89, 17, 111, 97, 27, 24, 99, 16, 132, 79, 54, 1, 12, 25, 110, 98, 3, 19, 88, 62, 39, 138, 131, 49, 143, 5, 0, 81, 86, 115, 33, 85, 116, 128, 9, 41, 103, 29, 50, 57, 139, 112, 80, 127, 78, 72, 35, 126, 90, 133, 140, 76, 136, 148, 107, 15, 91, 58, 75, 101, 146, 2, 104, 67, 43, 44, 114, 145, 47, 118, 117, 14, 123, 8, 109, 55, 32, 77, 69, 124, 106, 82, 73, 23, 64, 26, 137, 40, 36, 149, 46, 125, 13, 7, 87, 28, 92, 94, 96, 61, 119, 141, 59, 134, 129, 56, 70, 45, 71, 31, 65, 18, 48, 37, 20, 142, 6, 121, 66, 21, 4, 95, 113, 38, 83, 144, 51, 147, 53, 120], "distancia": 1221.9872254156826}, "aco": {"ruta": [89, 50, 72, 84, 130, 123, 11, 42, 22, 149, 143, 133, 101, 116, 64, 26, 88, 18, 100, 59, 146, 51, 44, 104, 92, 140, 32, 81, 65, 57, 29, 76, 85, 79, 12, 1, 147, 25, 103, 52, 128, 23, 9, 120, 102, 41, 145, 111, 131, 98, 73, 38, 53, 122, 68, 95, 62, 96, 54, 113, 27, 39, 24, 94, 139, 17, 138, 10, 4, 144, 13, 77, 83, 69, 34, 129, 21, 19, 80, 93, 56, 82, 15, 90, 70, 141, 112, 6, 110, 16, 47, 124, 99, 148, 125, 136, 135, 107, 127, 106, 91, 109, 78, 49, 35, 137, 71, 36, 46, 14, 31, 40, 126, 117, 45, 58, 63, 118, 37, 43, 66, 55, 121, 97, 60, 61, 119, 132, 114, 20, 30, 108, 48, 67, 134, 33, 28, 2, 8, 142, 5, 87, 75, 86, 7, 3, 74, 0, 115, 105, 89], "distancia": 275.4845015879931}}