{"genetico": {"ruta": [141, 56, 114, 88, 136, 6, 118, 143, 12, 59, 19, 48, 132, 79, 148, 17, 121, 53, 51, 117, 35, 14, 91, 112, 61, 54, 80, 7, 3, 43, 75, 86, 142, 101, 123, 49, 1, 138, 13, 77, 128, 18, 33, 98, 25, 140, 145, 31, 113, 23, 68, 135, 95, 66, 63, 105, 26, 41, 32, 147, 73, 125, 74, 67, 81, 69, 116, 134, 108, 55, 5, 36, 82, 111, 15, 106, 87, 44, 62, 120, 94, 21, 22, 149, 133, 130, 8, 20, 0, 47, 92, 29, 146, 52, 83, 60, 129, 110, 126, 46, 28, 115, 100, 89, 97, 78, 37, 39, 107, 70, 50, 64, 76, 103, 30, 38, 131, 127, 139, 34, 27, 96, 16, 24, 122, 99, 109, 137, 40, 58, 71, 45, 144, 4, 104, 72, 84, 42, 124, 90, 2, 85, 11, 102, 9, 119, 57, 10, 93, 65], "distancia": 1193.5297601966704, "tiempo": 7.8817150592803955}, "aco": {"ruta": [35, 137, 46, 71, 36, 14, 31, 40, 126, 117, 45, 58, 5, 142, 8, 2, 28, 105, 89, 50, 72, 84, 130, 22, 11, 42, 123, 149, 143, 116, 64, 133, 101, 26, 88, 18, 59, 146, 51, 44, 104, 92, 140, 32, 81, 65, 29, 76, 57, 85, 10, 138, 4, 144, 13, 77, 83, 69, 34, 129, 139, 17, 94, 24, 39, 27, 113, 54, 62, 96, 95, 68, 53, 122, 9, 120, 102, 41, 145, 1, 147, 25, 103, 52, 128, 23, 111, 131, 98, 73, 38, 12, 79, 33, 100, 134, 67, 48, 108, 30, 114, 119, 132, 61, 60, 20, 115, 0, 74, 3, 7, 86, 75, 87, 63, 118, 37, 43, 66, 55, 121, 97, 6, 110, 16, 47, 124, 99, 148, 125, 136, 135, 107, 80, 93, 56, 82, 15, 90, 21, 19, 70, 141, 112, 127, 106, 91, 109, 78, 49, 35], "distancia": 277.38163158684824, "tiempo": 513.1558377742767}}