{"genetico": {"ruta": [62, 13, 6, 72, 63, 70, 60, 99, 81, 10, 28, 20, 76, 43, 33, 35, 94, 47, 2, 39, 49, 19, 68, 5, 31, 0, 61, 69, 53, 93, 59, 80, 11, 58, 48, 73, 75, 64, 71, 16, 30, 23, 78, 90, 25, 44, 98, 41, 97, 36, 56, 77, 7, 38, 24, 91, 22, 82, 46, 17, 88, 66, 37, 57, 14, 12, 29, 95, 85, 65, 9, 45, 50, 21, 3, 79, 96, 52, 83, 42, 87, 84, 89, 74, 4, 51, 18, 15, 26, 55, 54, 1, 92, 34, 8, 32, 67, 40, 86, 27], "distancia": 700.6531678405738}, "aco": {"ruta": [97, 27, 19, 96, 12, 66, 56, 29, 36, 32, 42, 43, 52, 76, 84, 85, 9, 67, 15, 68, 40, 7, 33, 70, 94, 5, 44, 31, 25, 77, 54, 88, 1, 41, 26, 87, 62, 55, 98, 95, 74, 22, 49, 50, 3, 39, 81, 83, 82, 99, 61, 48, 89, 73, 4, 92, 21, 24, 2, 71, 91, 57, 64, 63, 16, 78, 17, 14, 30, 51, 23, 35, 65, 37, 90, 18, 34, 8, 45, 47, 86, 72, 69, 58, 6, 59, 80, 93, 11, 53, 20, 28, 46, 60, 10, 13, 75, 38, 0, 79, 97], "distancia": 190.68930641880786}}