{"genetico": {"ruta": [93, 80, 11, 59, 6, 58, 50, 26, 35, 21, 17, 99, 61, 23, 8, 85, 18, 45, 72, 5, 19, 28, 0, 29, 62, 95, 48, 46, 69, 33, 51, 78, 16, 96, 15, 4, 32, 55, 81, 83, 82, 91, 71, 47, 44, 7, 89, 9, 79, 74, 49, 38, 39, 22, 86, 2, 94, 70, 60, 10, 75, 34, 54, 56, 97, 3, 84, 36, 42, 76, 77, 12, 20, 90, 25, 41, 52, 43, 31, 53, 87, 92, 73, 66, 68, 37, 14, 30, 13, 24, 88, 1, 67, 57, 64, 63, 65, 40, 27, 98], "distancia": 699.4474181193314, "tiempo": 4.035810232162476}, "aco": {"ruta": [96, 12, 66, 56, 29, 36, 32, 42, 43, 52, 76, 84, 77, 25, 31, 44, 5, 94, 70, 33, 7, 40, 68, 15, 67, 9, 85, 8, 34, 45, 47, 86, 92, 21, 24, 2, 71, 91, 35, 65, 37, 90, 18, 30, 14, 17, 78, 64, 63, 16, 57, 23, 51, 72, 69, 58, 6, 59, 80, 93, 11, 53, 20, 28, 46, 60, 10, 13, 75, 38, 0, 79, 74, 95, 98, 22, 49, 50, 3, 39, 81, 83, 82, 99, 61, 48, 89, 73, 4, 54, 88, 1, 41, 26, 87, 62, 55, 97, 27, 19, 96], "distancia": 193.80091113801114, "tiempo": 122.31013774871826}}