{"genetico": {"ruta": [87, 48, 111, 106, 116, 110, 114, 127, 10, 97, 65, 144, 9, 98, 33, 93, 17, 26, 37, 131, 46, 77, 55, 108, 8, 56, 66, 19, 115, 25, 72, 62, 141, 142, 74, 2, 13, 43, 39, 145, 5, 126, 15, 118, 139, 117, 61, 60, 76, 149, 24, 105, 140, 49, 14, 95, 113, 104, 79, 107, 137, 69, 88, 75, 143, 12, 38, 92, 94, 123, 78, 4, 133, 135, 102, 91, 47, 21, 7, 112, 146, 84, 50, 147, 134, 0, 1, 29, 51, 83, 96, 70, 82, 81, 52, 148, 11, 57, 53, 42, 130, 90, 23, 119, 3, 86, 44, 89, 125, 132, 64, 40, 99, 16, 109, 121, 124, 63, 138, 68, 59, 41, 30, 28, 103, 45, 101, 6, 85, 128, 35, 32, 71, 34, 36, 120, 27, 54, 20, 100, 67, 22, 31, 73, 129, 18, 58, 136, 80, 122], "distancia": 1143.5725150707617, "tiempo": 7.894519805908203}, "aco": {"ruta": [29, 57, 1, 17, 100, 145, 0, 31, 107, 33, 11, 116, 64, 147, 26, 134, 43, 74, 3, 51, 39, 127, 4, 79, 20, 56, 78, 144, 65, 45, 137, 132, 133, 88, 135, 97, 2, 142, 149, 34, 148, 98, 32, 54, 102, 5, 13, 86, 114, 55, 70, 41, 61, 50, 30, 90, 131, 130, 139, 115, 23, 69, 99, 40, 75, 82, 103, 19, 118, 94, 92, 143, 141, 38, 89, 18, 63, 12, 21, 6, 101, 112, 15, 126, 42, 7, 146, 85, 138, 53, 106, 123, 125, 16, 109, 117, 14, 129, 58, 124, 80, 49, 140, 136, 87, 48, 121, 110, 72, 47, 122, 37, 22, 95, 76, 93, 68, 120, 24, 27, 91, 28, 128, 73, 96, 35, 62, 66, 84, 36, 83, 108, 44, 8, 46, 10, 81, 25, 9, 77, 113, 67, 59, 52, 60, 119, 104, 111, 105, 71, 29], "distancia": 258.569749765603, "tiempo": 261.7043011188507}}