{"genetico": {"ruta": [62, 35, 37, 102, 131, 66, 103, 129, 95, 12, 71, 148, 22, 27, 119, 41, 132, 55, 16, 120, 112, 109, 72, 137, 65, 51, 43, 59, 24, 105, 111, 68, 83, 30, 69, 5, 10, 144, 26, 107, 139, 36, 82, 126, 141, 92, 96, 61, 106, 128, 89, 2, 88, 9, 147, 116, 8, 44, 133, 60, 25, 3, 20, 57, 140, 117, 33, 56, 46, 77, 135, 13, 94, 63, 53, 14, 138, 78, 39, 127, 113, 23, 99, 40, 73, 75, 28, 67, 4, 81, 146, 101, 149, 142, 123, 42, 97, 54, 85, 114, 70, 98, 145, 134, 93, 76, 1, 19, 90, 79, 108, 84, 45, 91, 130, 0, 125, 17, 143, 58, 124, 104, 118, 6, 21, 7, 38, 32, 74, 34, 11, 29, 87, 48, 80, 47, 49, 121, 136, 110, 122, 15, 31, 50, 115, 18, 86, 64, 100, 52], "distancia": 1093.1483158821743}, "aco": {"ruta": [80, 49, 140, 136, 122, 72, 47, 110, 58, 124, 129, 14, 117, 16, 109, 125, 123, 106, 53, 138, 85, 126, 42, 7, 146, 62, 35, 96, 55, 70, 41, 61, 50, 30, 90, 131, 130, 139, 115, 23, 69, 99, 40, 75, 82, 103, 19, 118, 38, 89, 18, 63, 12, 21, 6, 101, 112, 15, 141, 143, 92, 94, 66, 84, 36, 83, 108, 44, 8, 46, 10, 81, 13, 86, 114, 128, 27, 91, 24, 0, 145, 100, 57, 29, 17, 1, 71, 37, 22, 95, 76, 93, 68, 120, 28, 73, 32, 54, 102, 5, 98, 148, 34, 149, 67, 33, 11, 116, 113, 64, 147, 26, 134, 43, 74, 3, 51, 39, 127, 4, 79, 20, 56, 78, 144, 65, 45, 137, 9, 25, 132, 133, 88, 135, 97, 2, 142, 77, 31, 107, 59, 52, 60, 119, 104, 111, 105, 87, 48, 121, 80], "distancia": 257.3084246432338}}