{"genetico": {"ruta": [57, 40, 31, 67, 37, 19, 34, 81, 96, 59, 51, 71, 77, 90, 23, 20, 87, 12, 42, 84, 69, 32, 70, 73, 36, 35, 21, 89, 9, 39, 64, 62, 4, 0, 82, 61, 28, 60, 98, 49, 54, 91, 65, 25, 94, 2, 55, 52, 43, 11, 5, 93, 99, 76, 50, 18, 3, 75, 1, 56, 17, 63, 8, 30, 41, 15, 74, 92, 58, 46, 47, 88, 16, 38, 86, 97, 95, 22, 68, 79, 72, 26, 85, 48, 78, 44, 24, 27, 83, 29, 10, 45, 7, 66, 14, 33, 53, 80, 13, 6], "distancia": 764.3939261936829}, "aco": {"ruta": [54, 8, 38, 4, 15, 78, 86, 41, 59, 18, 30, 50, 76, 44, 96, 48, 24, 66, 72, 46, 1, 29, 14, 74, 99, 73, 3, 62, 63, 16, 92, 26, 47, 75, 77, 45, 83, 32, 10, 91, 39, 9, 88, 13, 89, 53, 90, 23, 0, 12, 37, 67, 43, 20, 81, 82, 87, 70, 21, 79, 71, 52, 7, 19, 6, 56, 34, 65, 93, 11, 27, 33, 2, 69, 36, 80, 64, 51, 57, 17, 97, 28, 61, 68, 60, 95, 22, 94, 25, 5, 98, 35, 49, 31, 58, 42, 55, 85, 40, 84, 54], "distancia": 202.7060744994867}}