{"genetico": {"ruta": [93, 20, 6, 67, 36, 82, 83, 43, 70, 75, 81, 79, 66, 92, 87, 65, 11, 33, 52, 7, 74, 12, 69, 91, 10, 38, 16, 55, 73, 24, 72, 62, 3, 1, 46, 39, 45, 21, 4, 86, 61, 71, 32, 56, 37, 19, 30, 76, 85, 57, 98, 95, 94, 25, 5, 51, 8, 50, 96, 49, 29, 59, 88, 23, 58, 35, 53, 31, 28, 97, 77, 99, 47, 34, 13, 40, 44, 48, 14, 80, 27, 68, 22, 17, 90, 42, 63, 9, 54, 18, 89, 2, 64, 84, 15, 78, 41, 26, 0, 60], "distancia": 766.8801976371301, "tiempo": 3.8977861404418945}, "aco": {"ruta": [12, 37, 7, 45, 83, 32, 10, 91, 39, 9, 88, 13, 89, 53, 90, 23, 0, 19, 6, 56, 34, 65, 93, 11, 27, 33, 2, 69, 36, 80, 64, 51, 31, 58, 42, 55, 85, 40, 84, 57, 17, 97, 28, 61, 68, 60, 95, 22, 94, 25, 5, 98, 35, 49, 54, 8, 38, 4, 15, 78, 86, 41, 59, 18, 30, 50, 76, 44, 96, 48, 24, 66, 72, 46, 1, 29, 14, 3, 73, 16, 62, 63, 74, 99, 92, 26, 47, 75, 77, 52, 71, 21, 79, 70, 87, 82, 43, 20, 81, 67, 12], "distancia": 201.2545606546799, "tiempo": 120.70049476623535}}