{"genetico": {"ruta": [64, 60, 26, 31, 61, 84, 28, 52, 45, 27, 98, 18, 75, 65, 48, 89, 13, 11, 30, 92, 47, 3, 55, 5, 32, 74, 44, 43, 91, 82, 33, 49, 63, 69, 68, 62, 2, 78, 20, 86, 72, 39, 58, 9, 22, 77, 90, 35, 51, 15, 36, 93, 7, 81, 56, 41, 1, 67, 80, 96, 23, 10, 25, 0, 46, 79, 66, 6, 17, 34, 37, 59, 76, 83, 70, 8, 50, 71, 4, 88, 38, 40, 21, 97, 12, 87, 29, 99, 85, 42, 94, 73, 14, 53, 16, 57, 19, 95, 54, 24], "distancia": 732.5223809450571, "tiempo": 4.008590936660767}, "aco": {"ruta": [47, 34, 65, 2, 20, 86, 49, 32, 75, 78, 39, 58, 68, 48, 9, 60, 52, 45, 28, 98, 27, 18, 64, 54, 24, 11, 3, 61, 5, 87, 55, 93, 72, 56, 12, 95, 74, 4, 19, 76, 38, 41, 44, 81, 96, 83, 1, 84, 40, 30, 29, 22, 23, 25, 6, 89, 59, 8, 10, 53, 35, 26, 57, 77, 70, 67, 73, 90, 46, 80, 36, 43, 15, 51, 88, 37, 7, 66, 99, 21, 31, 71, 13, 50, 0, 94, 79, 62, 14, 17, 33, 82, 85, 91, 63, 69, 92, 42, 16, 97, 47], "distancia": 214.52951498988867, "tiempo": 124.12954306602478}}