{"genetico": {"ruta": [25, 22, 134, 149, 110, 36, 10, 50, 131, 106, 93, 83, 117, 148, 114, 0, 109, 37, 45, 72, 135, 35, 90, 64, 57, 56, 14, 67, 52, 29, 46, 40, 70, 76, 30, 119, 54, 85, 34, 103, 73, 127, 145, 101, 124, 104, 24, 5, 6, 68, 11, 47, 141, 111, 115, 132, 32, 116, 51, 126, 81, 142, 74, 71, 19, 2, 87, 118, 120, 23, 113, 61, 80, 82, 58, 121, 96, 94, 92, 55, 31, 59, 9, 4, 20, 75, 28, 12, 33, 44, 144, 137, 98, 43, 63, 99, 17, 60, 18, 27, 125, 146, 138, 13, 97, 128, 84, 49, 15, 65, 130, 95, 86, 38, 26, 48, 88, 112, 77, 89, 147, 139, 78, 62, 102, 8, 42, 123, 105, 69, 1, 91, 100, 107, 7, 133, 16, 129, 53, 79, 108, 140, 21, 136, 3, 66, 143, 41, 122, 39], "distancia": 1125.8139559781753, "tiempo": 7.818037033081055}, "aco": {"ruta": [27, 23, 113, 32, 31, 28, 24, 132, 39, 55, 19, 80, 79, 111, 100, 121, 43, 6, 141, 0, 114, 123, 11, 146, 96, 133, 63, 58, 140, 124, 129, 37, 47, 16, 18, 3, 119, 74, 143, 76, 62, 131, 126, 17, 81, 102, 128, 135, 142, 138, 35, 54, 9, 98, 84, 50, 93, 8, 137, 1, 88, 99, 87, 130, 13, 86, 26, 48, 97, 149, 139, 45, 41, 104, 103, 109, 94, 72, 108, 67, 68, 12, 101, 122, 56, 145, 42, 127, 112, 65, 82, 5, 73, 77, 57, 14, 147, 118, 89, 95, 106, 110, 38, 66, 21, 144, 34, 44, 51, 91, 90, 70, 40, 85, 125, 15, 20, 52, 69, 116, 36, 105, 4, 136, 22, 120, 25, 30, 92, 117, 59, 49, 46, 10, 148, 75, 60, 29, 115, 2, 83, 7, 134, 107, 71, 61, 53, 78, 33, 64, 27], "distancia": 218.9721898466718, "tiempo": 262.573588848114}}