{"genetico": {"ruta": [7, 43, 131, 78, 133, 113, 22, 105, 146, 39, 4, 103, 96, 53, 141, 98, 15, 92, 135, 102, 9, 73, 5, 112, 94, 57, 147, 61, 30, 123, 72, 82, 145, 134, 46, 49, 79, 59, 64, 63, 29, 100, 111, 77, 88, 80, 107, 8, 14, 127, 65, 110, 74, 55, 71, 83, 35, 45, 25, 142, 81, 84, 106, 13, 126, 85, 108, 18, 1, 50, 97, 118, 86, 140, 21, 132, 12, 91, 28, 121, 33, 114, 37, 67, 90, 40, 136, 16, 19, 6, 32, 70, 66, 143, 60, 27, 23, 20, 104, 2, 31, 120, 3, 51, 115, 68, 42, 101, 36, 34, 75, 11, 47, 119, 128, 138, 144, 24, 58, 17, 139, 122, 0, 148, 52, 44, 76, 38, 89, 109, 137, 56, 99, 48, 149, 130, 95, 41, 124, 116, 62, 87, 93, 10, 117, 69, 54, 26, 125, 129], "distancia": 1130.7821555395908}, "aco": {"ruta": [103, 109, 94, 72, 108, 12, 101, 122, 56, 145, 42, 127, 112, 65, 82, 5, 73, 77, 57, 14, 89, 149, 97, 48, 118, 147, 26, 86, 95, 13, 130, 87, 99, 88, 45, 139, 41, 104, 140, 124, 129, 37, 47, 16, 18, 3, 119, 74, 143, 34, 44, 51, 91, 90, 70, 40, 85, 125, 15, 20, 52, 69, 116, 36, 105, 4, 136, 22, 120, 25, 30, 92, 23, 113, 27, 32, 31, 134, 132, 39, 55, 19, 80, 79, 111, 100, 121, 43, 6, 141, 28, 24, 7, 2, 83, 115, 29, 60, 148, 75, 46, 10, 49, 59, 117, 102, 81, 17, 128, 138, 35, 54, 9, 131, 126, 135, 142, 106, 84, 98, 50, 93, 8, 137, 1, 110, 38, 62, 76, 66, 21, 144, 58, 63, 133, 64, 61, 33, 78, 53, 71, 107, 0, 114, 123, 11, 146, 96, 67, 68, 103], "distancia": 218.60154716236968}}