{"genetico": {"ruta": [64, 76, 69, 57, 185, 10, 75, 143, 176, 118, 133, 120, 110, 30, 144, 167, 61, 47, 186, 56, 81, 58, 172, 27, 196, 31, 5, 21, 183, 90, 8, 87, 140, 15, 6, 111, 134, 180, 44, 199, 50, 97, 160, 93, 59, 34, 100, 177, 130, 25, 0, 112, 197, 35, 187, 83, 107, 26, 36, 67, 78, 175, 82, 149, 98, 161, 95, 55, 188, 148, 62, 102, 147, 141, 157, 191, 7, 29, 73, 109, 14, 43, 162, 65, 163, 53, 91, 198, 11, 178, 49, 150, 72, 173, 9, 132, 85, 99, 195, 33, 42, 182, 52, 151, 146, 16, 194, 124, 101, 20, 74, 159, 1, 79, 152, 68, 70, 103, 190, 106, 17, 104, 2, 174, 18, 145, 123, 138, 128, 115, 39, 165, 71, 77, 3, 171, 22, 41, 80, 23, 40, 181, 108, 89, 113, 37, 51, 92, 96, 127, 126, 192, 170, 166, 48, 117, 121, 156, 122, 116, 84, 32, 105, 119, 46, 131, 129, 13, 19, 4, 135, 114, 63, 12, 94, 88, 28, 136, 45, 137, 153, 158, 189, 184, 164, 193, 54, 60, 125, 168, 155, 38, 179, 66, 169, 142, 139, 154, 24, 86], "distancia": 1641.2537782067318, "tiempo": 13.122725009918213}, "aco": {"ruta": [119, 52, 32, 34, 105, 9, 141, 157, 12, 122, 88, 46, 96, 98, 131, 149, 51, 16, 104, 102, 81, 40, 37, 147, 193, 55, 111, 89, 183, 124, 70, 97, 172, 177, 196, 108, 72, 7, 173, 95, 142, 101, 11, 110, 195, 175, 115, 5, 8, 174, 153, 85, 19, 69, 2, 63, 107, 60, 56, 134, 170, 26, 129, 41, 4, 92, 58, 125, 159, 82, 137, 100, 1, 182, 28, 116, 83, 176, 143, 61, 145, 73, 43, 86, 77, 139, 75, 166, 0, 103, 13, 154, 164, 36, 144, 118, 120, 136, 192, 184, 181, 23, 178, 186, 189, 155, 199, 50, 161, 3, 14, 15, 45, 59, 44, 67, 117, 6, 48, 128, 38, 194, 169, 66, 197, 140, 10, 109, 180, 121, 24, 112, 156, 167, 160, 168, 57, 179, 158, 80, 162, 185, 47, 74, 30, 123, 106, 42, 90, 65, 91, 152, 188, 25, 99, 33, 31, 138, 130, 87, 148, 35, 198, 62, 29, 190, 132, 49, 78, 113, 133, 171, 22, 27, 93, 68, 114, 20, 135, 21, 76, 163, 64, 18, 17, 191, 39, 150, 53, 151, 146, 94, 71, 84, 127, 79, 187, 54, 165, 126, 119], "distancia": 321.2463959854194, "tiempo": 451.95968413352966}}