{"genetico": {"ruta": [95, 66, 45, 3, 69, 16, 87, 1, 40, 22, 94, 11, 15, 50, 23, 10, 91, 85, 26, 54, 52, 67, 44, 49, 88, 28, 9, 33, 31, 35, 96, 32, 68, 47, 53, 65, 0, 48, 60, 98, 59, 72, 75, 43, 56, 20, 71, 86, 76, 30, 61, 21, 73, 34, 27, 77, 63, 13, 82, 51, 29, 41, 36, 79, 97, 84, 81, 19, 70, 6, 25, 37, 8, 18, 64, 92, 57, 2, 78, 58, 80, 46, 93, 42, 12, 4, 74, 5, 90, 89, 99, 39, 83, 55, 24, 38, 62, 7, 14, 17], "distancia": 723.064336786813, "tiempo": 3.881563901901245}, "aco": {"ruta": [68, 49, 71, 36, 26, 74, 15, 65, 4, 56, 99, 18, 81, 84, 63, 53, 64, 13, 22, 72, 5, 83, 59, 50, 39, 40, 1, 87, 51, 16, 30, 67, 0, 75, 85, 25, 66, 78, 76, 80, 34, 27, 77, 44, 91, 69, 8, 90, 11, 24, 70, 47, 12, 3, 52, 43, 45, 88, 21, 61, 79, 37, 92, 9, 6, 96, 28, 35, 58, 73, 57, 33, 32, 2, 7, 17, 62, 95, 38, 14, 89, 86, 23, 31, 48, 60, 98, 29, 93, 46, 55, 97, 20, 10, 19, 41, 82, 94, 42, 54, 68], "distancia": 197.18322863619076, "tiempo": 120.9126787185669}}