{"genetico": {"ruta": [62, 17, 79, 38, 40, 12, 56, 72, 65, 41, 83, 94, 26, 0, 93, 5, 4, 87, 64, 15, 77, 74, 37, 42, 31, 85, 16, 60, 29, 30, 51, 20, 59, 48, 75, 34, 18, 10, 66, 45, 81, 68, 71, 88, 43, 78, 3, 6, 80, 61, 9, 90, 27, 8, 33, 57, 54, 82, 36, 24, 52, 11, 25, 84, 53, 86, 14, 89, 76, 2, 47, 19, 63, 55, 46, 97, 98, 23, 35, 21, 91, 28, 96, 92, 73, 58, 39, 99, 22, 49, 67, 1, 13, 50, 70, 44, 69, 32, 95, 7], "distancia": 707.0493935071772}, "aco": {"ruta": [86, 23, 31, 48, 67, 98, 29, 60, 30, 16, 0, 75, 85, 25, 66, 78, 80, 34, 27, 77, 44, 91, 68, 49, 71, 36, 26, 42, 54, 90, 11, 24, 70, 47, 12, 15, 74, 65, 4, 56, 99, 18, 81, 84, 63, 53, 22, 72, 13, 64, 5, 83, 59, 50, 39, 87, 1, 40, 51, 97, 93, 46, 55, 20, 10, 19, 41, 82, 94, 8, 69, 43, 52, 3, 45, 88, 21, 61, 79, 37, 92, 9, 6, 96, 28, 35, 58, 57, 33, 32, 73, 76, 2, 7, 17, 62, 95, 38, 14, 89, 86], "distancia": 200.47908379873107}}