{"genetico": {"ruta": [72, 40, 124, 50, 126, 146, 105, 106, 118, 62, 20, 129, 32, 82, 120, 24, 101, 3, 84, 90, 9, 16, 46, 96, 38, 139, 95, 64, 78, 5, 91, 119, 104, 22, 112, 132, 125, 58, 27, 145, 31, 147, 68, 55, 123, 140, 111, 60, 74, 44, 59, 57, 142, 14, 76, 45, 26, 35, 49, 29, 81, 67, 43, 52, 23, 33, 53, 6, 1, 143, 77, 107, 114, 137, 97, 100, 133, 148, 80, 135, 30, 110, 98, 34, 88, 39, 12, 115, 109, 63, 130, 18, 2, 93, 10, 73, 75, 144, 11, 69, 66, 79, 116, 65, 127, 7, 56, 113, 42, 138, 99, 131, 54, 141, 136, 71, 85, 17, 47, 21, 122, 134, 36, 94, 92, 41, 86, 70, 83, 37, 28, 87, 149, 4, 128, 61, 0, 121, 89, 117, 48, 25, 51, 102, 8, 108, 15, 13, 19, 103], "distancia": 1228.2051548126337, "tiempo": 7.826714754104614}, "aco": {"ruta": [9, 148, 46, 61, 16, 7, 58, 0, 80, 65, 132, 125, 128, 149, 56, 87, 4, 90, 28, 131, 135, 124, 98, 20, 77, 34, 122, 83, 139, 48, 95, 22, 57, 137, 74, 49, 115, 88, 64, 94, 23, 47, 40, 116, 52, 38, 42, 118, 37, 109, 29, 72, 89, 119, 30, 54, 117, 68, 142, 71, 43, 145, 44, 120, 101, 32, 102, 8, 63, 130, 108, 138, 19, 144, 96, 12, 85, 82, 15, 141, 24, 59, 104, 110, 27, 126, 147, 39, 113, 33, 14, 26, 53, 55, 1, 2, 93, 51, 13, 86, 41, 107, 45, 31, 17, 114, 66, 5, 50, 129, 70, 11, 18, 3, 78, 79, 36, 60, 35, 105, 146, 92, 112, 21, 69, 97, 123, 84, 76, 106, 100, 6, 10, 133, 140, 91, 111, 73, 134, 81, 62, 127, 103, 25, 67, 143, 121, 136, 99, 75, 9], "distancia": 248.80488307514003, "tiempo": 261.14175605773926}}