{"genetico": {"ruta": [87, 119, 94, 98, 47, 104, 85, 17, 21, 59, 97, 99, 18, 103, 19, 15, 96, 88, 130, 4, 40, 109, 70, 64, 80, 90, 75, 26, 126, 33, 41, 35, 5, 2, 89, 81, 73, 61, 28, 124, 60, 31, 20, 146, 13, 45, 93, 55, 139, 127, 108, 25, 37, 131, 79, 135, 38, 137, 7, 48, 78, 115, 62, 144, 134, 8, 32, 44, 51, 9, 0, 36, 22, 72, 71, 145, 46, 116, 6, 95, 129, 67, 11, 57, 50, 121, 111, 91, 105, 107, 27, 122, 1, 92, 10, 3, 110, 12, 102, 42, 14, 123, 53, 140, 84, 133, 112, 76, 100, 114, 106, 143, 149, 58, 65, 128, 132, 148, 77, 29, 113, 147, 68, 86, 118, 117, 74, 43, 101, 141, 34, 63, 83, 52, 54, 138, 24, 39, 69, 56, 125, 136, 82, 30, 120, 23, 66, 142, 49, 16], "distancia": 1245.4313333781245}, "aco": {"ruta": [89, 119, 29, 72, 109, 37, 88, 64, 94, 23, 47, 38, 52, 116, 40, 42, 131, 135, 124, 98, 20, 77, 34, 122, 83, 139, 129, 70, 11, 18, 3, 27, 126, 147, 113, 39, 33, 14, 26, 53, 55, 1, 2, 93, 51, 13, 86, 41, 107, 45, 31, 17, 114, 66, 111, 73, 134, 81, 62, 127, 103, 25, 67, 143, 121, 136, 99, 148, 46, 61, 16, 7, 58, 0, 80, 65, 132, 125, 128, 149, 56, 87, 4, 90, 9, 75, 106, 100, 6, 10, 84, 76, 123, 97, 21, 112, 92, 69, 146, 105, 140, 133, 91, 5, 50, 35, 78, 36, 79, 48, 95, 22, 57, 137, 74, 49, 115, 117, 68, 142, 71, 43, 145, 44, 120, 101, 32, 102, 8, 63, 130, 108, 138, 19, 144, 96, 12, 85, 82, 15, 141, 24, 59, 104, 110, 60, 118, 54, 30, 28, 89], "distancia": 254.02501042425658}}