{"genetico": {"ruta": [141, 125, 120, 13, 83, 109, 69, 35, 68, 24, 45, 57, 19, 112, 36, 101, 29, 85, 114, 135, 23, 6, 14, 108, 122, 73, 70, 31, 5, 93, 79, 146, 15, 143, 8, 124, 40, 145, 144, 123, 89, 91, 25, 138, 7, 115, 81, 134, 121, 106, 90, 27, 34, 51, 140, 37, 59, 132, 95, 117, 129, 126, 105, 26, 92, 100, 9, 71, 22, 0, 99, 82, 66, 96, 38, 107, 10, 53, 149, 44, 77, 87, 30, 78, 61, 63, 84, 48, 127, 47, 111, 118, 39, 86, 104, 42, 32, 64, 102, 46, 55, 67, 75, 50, 20, 17, 18, 28, 88, 58, 98, 33, 2, 52, 12, 72, 4, 80, 16, 137, 103, 76, 54, 94, 116, 130, 43, 49, 56, 97, 131, 60, 74, 148, 62, 113, 139, 65, 21, 110, 41, 147, 3, 142, 1, 11, 136, 128, 133, 119], "distancia": 1285.3534918029718}, "aco": {"ruta": [59, 95, 122, 56, 97, 62, 20, 103, 140, 44, 93, 15, 26, 3, 60, 147, 149, 47, 99, 115, 82, 37, 144, 30, 81, 132, 77, 143, 117, 141, 79, 39, 14, 126, 118, 116, 130, 112, 23, 12, 98, 125, 9, 100, 33, 52, 19, 76, 92, 114, 105, 40, 135, 127, 0, 134, 21, 84, 91, 65, 139, 17, 10, 109, 46, 42, 13, 4, 106, 24, 102, 11, 50, 83, 69, 80, 18, 27, 32, 64, 78, 107, 67, 38, 28, 121, 108, 131, 74, 88, 104, 8, 54, 25, 41, 120, 94, 63, 113, 138, 22, 110, 53, 148, 142, 111, 123, 129, 146, 57, 71, 2, 49, 145, 48, 124, 7, 86, 85, 1, 66, 90, 128, 133, 119, 68, 43, 72, 75, 5, 58, 6, 55, 73, 61, 35, 136, 31, 16, 70, 137, 29, 87, 45, 101, 89, 51, 34, 96, 36, 59], "distancia": 285.6390371162173}}