{"genetico": {"ruta": [69, 64, 113, 147, 49, 146, 117, 26, 34, 110, 32, 129, 39, 9, 81, 0, 85, 135, 103, 3, 36, 97, 56, 134, 84, 7, 124, 101, 98, 92, 86, 149, 4, 1, 138, 99, 144, 30, 137, 78, 38, 121, 145, 143, 33, 71, 53, 47, 108, 94, 130, 46, 68, 114, 148, 83, 70, 136, 16, 31, 11, 6, 102, 58, 66, 88, 60, 54, 23, 132, 82, 140, 120, 112, 17, 80, 19, 107, 42, 44, 100, 75, 61, 35, 5, 50, 57, 126, 96, 79, 111, 67, 29, 87, 118, 48, 25, 62, 8, 93, 106, 95, 2, 141, 91, 15, 20, 115, 139, 13, 18, 51, 116, 12, 76, 74, 37, 65, 21, 22, 123, 28, 127, 14, 131, 89, 10, 77, 59, 105, 24, 40, 73, 45, 104, 63, 90, 125, 52, 43, 72, 55, 41, 109, 122, 27, 142, 119, 133, 128], "distancia": 1307.5150656055125, "tiempo": 7.750494956970215}, "aco": {"ruta": [72, 75, 5, 83, 90, 1, 66, 86, 85, 0, 134, 21, 84, 91, 65, 7, 139, 17, 10, 109, 46, 42, 4, 13, 69, 80, 18, 27, 32, 64, 38, 107, 67, 28, 78, 101, 89, 51, 34, 96, 36, 87, 29, 103, 140, 3, 60, 147, 149, 59, 95, 122, 56, 97, 62, 20, 26, 93, 15, 44, 132, 30, 81, 47, 99, 115, 82, 37, 144, 143, 77, 117, 145, 49, 71, 2, 57, 146, 129, 123, 111, 39, 79, 14, 126, 118, 116, 130, 112, 23, 125, 9, 100, 33, 12, 98, 52, 19, 76, 92, 114, 105, 40, 135, 127, 124, 48, 142, 148, 53, 110, 22, 138, 63, 113, 120, 94, 25, 41, 141, 54, 8, 104, 88, 74, 131, 108, 121, 45, 137, 70, 16, 31, 136, 61, 35, 68, 43, 58, 6, 55, 73, 50, 11, 102, 24, 106, 133, 119, 128, 72], "distancia": 284.14321500666716, "tiempo": 776.5552110671997}}