{"genetico": {"ruta": [19, 37, 26, 39, 34, 7, 27, 3, 15, 6, 29, 14, 25, 11, 8, 12, 2, 23, 0, 38, 32, 5, 20, 24, 35, 1, 10, 9, 31, 22, 17, 30, 13, 33, 4, 36, 18, 21, 28, 16], "distancia": 165.9559182067147, "tiempo": 1.013700008392334}, "aco": {"ruta": [36, 4, 33, 13, 17, 31, 22, 9, 25, 14, 29, 6, 15, 3, 8, 12, 11, 27, 7, 23, 2, 37, 35, 24, 1, 10, 26, 39, 34, 0, 38, 20, 32, 5, 19, 30, 16, 28, 21, 18, 36], "distancia": 153.51226820769594, "tiempo": 25.32234477996826}}