{"genetico": {"ruta": [18, 36, 4, 21, 28, 16, 33, 13, 30, 17, 22, 31, 9, 12, 11, 29, 14, 25, 19, 32, 24, 1, 35, 37, 39, 26, 10, 5, 20, 38, 0, 34, 27, 3, 15, 6, 8, 7, 23, 2], "distancia": 171.91826536387427}, "aco": {"ruta": [36, 4, 21, 28, 16, 30, 19, 5, 10, 1, 35, 24, 37, 26, 39, 34, 0, 38, 20, 32, 2, 23, 7, 27, 3, 8, 12, 11, 29, 6, 15, 14, 25, 9, 31, 22, 17, 13, 33, 18, 36], "distancia": 152.92063307105252}}