{"genetico": {"ruta": [19, 33, 16, 27, 9, 20, 15, 17, 5, 35, 37, 3, 30, 10, 39, 11, 12, 28, 38, 22, 6, 13, 4, 23, 0, 26, 14, 36, 34, 29, 8, 18, 2, 32, 31, 7, 24, 21, 25, 1], "distancia": 133.80293506425852}, "aco": {"ruta": [9, 27, 16, 19, 33, 20, 15, 0, 4, 23, 38, 22, 6, 13, 1, 25, 21, 24, 7, 28, 36, 14, 26, 17, 5, 29, 34, 12, 11, 8, 32, 2, 31, 18, 39, 10, 30, 3, 37, 35, 9], "distancia": 110.88495229183222}}