{"genetico": {"ruta": [9, 35, 5, 17, 15, 0, 4, 23, 34, 29, 12, 36, 38, 22, 6, 13, 1, 25, 21, 24, 26, 14, 28, 7, 31, 32, 2, 18, 8, 11, 39, 37, 3, 30, 10, 20, 19, 33, 16, 27], "distancia": 146.054065416349, "tiempo": 1.0114691257476807}, "aco": {"ruta": [39, 10, 30, 3, 37, 35, 9, 27, 16, 19, 33, 20, 15, 0, 23, 4, 38, 22, 6, 13, 1, 25, 21, 24, 7, 28, 36, 14, 26, 17, 5, 29, 34, 12, 11, 8, 32, 2, 31, 18, 39], "distancia": 110.85508903906883, "tiempo": 25.07177710533142}}