{"genetico": {"ruta": [17, 41, 60, 158, 107, 87, 101, 50, 102, 147, 15, 125, 131, 58, 4, 129, 144, 70, 91, 68, 77, 73, 179, 24, 78, 160, 191, 61, 175, 49, 184, 23, 89, 35, 20, 80, 32, 69, 133, 1, 33, 165, 172, 9, 82, 196, 157, 55, 115, 2, 159, 190, 113, 110, 86, 176, 116, 106, 118, 63, 142, 72, 103, 143, 171, 187, 189, 180, 0, 140, 62, 188, 94, 130, 134, 81, 18, 3, 153, 83, 98, 100, 38, 88, 45, 112, 71, 93, 192, 167, 141, 127, 117, 66, 185, 46, 37, 146, 74, 139, 104, 197, 65, 155, 194, 132, 164, 76, 199, 177, 11, 122, 57, 108, 52, 195, 99, 137, 10, 48, 56, 39, 42, 31, 90, 136, 163, 19, 34, 14, 64, 126, 154, 111, 128, 149, 59, 174, 123, 135, 95, 173, 47, 30, 12, 124, 8, 79, 92, 51, 121, 152, 44, 183, 166, 7, 5, 22, 40, 16, 67, 145, 119, 97, 198, 186, 28, 54, 105, 162, 148, 13, 84, 178, 182, 170, 150, 85, 75, 193, 27, 29, 156, 138, 169, 109, 161, 151, 114, 25, 43, 168, 96, 53, 181, 6, 120, 21, 26, 36], "distancia": 1674.999107137146}, "aco": {"ruta": [2, 66, 65, 137, 172, 115, 28, 55, 77, 75, 90, 49, 98, 31, 139, 9, 160, 17, 153, 84, 3, 163, 150, 41, 22, 155, 5, 85, 178, 113, 121, 143, 158, 10, 51, 79, 59, 181, 83, 86, 36, 154, 47, 21, 164, 122, 175, 147, 81, 134, 166, 54, 0, 125, 57, 120, 111, 194, 169, 82, 110, 152, 7, 67, 16, 195, 48, 144, 94, 132, 183, 108, 61, 74, 14, 76, 126, 130, 173, 188, 140, 95, 177, 106, 64, 11, 60, 101, 37, 189, 46, 161, 168, 198, 29, 107, 118, 100, 6, 148, 12, 119, 23, 72, 93, 20, 89, 192, 142, 124, 127, 112, 63, 97, 71, 141, 96, 53, 56, 25, 185, 176, 123, 50, 58, 165, 116, 62, 102, 70, 156, 69, 114, 135, 1, 136, 52, 34, 99, 186, 187, 38, 105, 146, 157, 88, 45, 131, 19, 4, 199, 43, 87, 44, 104, 170, 162, 196, 91, 180, 133, 27, 32, 159, 42, 39, 171, 174, 24, 145, 78, 167, 191, 184, 40, 8, 193, 197, 26, 151, 80, 33, 18, 129, 182, 128, 190, 138, 68, 30, 149, 15, 92, 13, 179, 73, 35, 117, 109, 103, 2], "distancia": 309.3906062759956}}