{"genetico": {"ruta": [156, 98, 147, 23, 141, 85, 160, 88, 138, 101, 196, 122, 94, 29, 104, 36, 32, 168, 69, 180, 25, 60, 0, 123, 70, 84, 75, 41, 67, 193, 124, 6, 198, 173, 186, 188, 27, 57, 77, 15, 35, 109, 177, 58, 183, 144, 163, 45, 199, 19, 167, 9, 146, 129, 76, 81, 10, 139, 184, 134, 127, 72, 20, 97, 161, 187, 55, 5, 170, 105, 17, 39, 142, 13, 43, 157, 65, 171, 197, 130, 4, 18, 24, 162, 1, 50, 11, 56, 100, 192, 112, 73, 8, 46, 22, 174, 110, 108, 26, 136, 64, 118, 93, 89, 107, 190, 114, 48, 185, 150, 16, 120, 117, 87, 52, 182, 179, 33, 151, 59, 14, 30, 152, 79, 176, 164, 47, 111, 82, 37, 132, 181, 63, 143, 74, 31, 140, 135, 99, 102, 153, 155, 2, 44, 7, 86, 172, 54, 145, 159, 106, 128, 158, 91, 66, 116, 62, 154, 103, 148, 80, 191, 3, 38, 68, 28, 178, 125, 49, 61, 51, 166, 113, 121, 90, 175, 194, 169, 126, 131, 21, 165, 95, 189, 115, 149, 137, 119, 92, 133, 195, 83, 42, 12, 34, 40, 78, 71, 53, 96], "distancia": 1732.687707525693, "tiempo": 13.55643105506897}, "aco": {"ruta": [130, 173, 188, 140, 95, 106, 177, 64, 11, 60, 101, 37, 189, 46, 161, 168, 198, 29, 107, 118, 100, 6, 148, 12, 97, 71, 20, 89, 192, 142, 124, 127, 112, 63, 23, 72, 93, 119, 96, 53, 141, 56, 25, 185, 176, 123, 50, 58, 165, 116, 62, 102, 70, 156, 69, 114, 135, 1, 136, 52, 34, 99, 186, 187, 38, 105, 146, 157, 88, 45, 131, 19, 4, 199, 43, 87, 44, 104, 170, 150, 108, 61, 74, 14, 76, 126, 162, 196, 182, 128, 190, 138, 68, 17, 153, 84, 3, 163, 121, 143, 158, 10, 51, 79, 59, 181, 83, 86, 36, 77, 55, 28, 137, 172, 115, 65, 66, 2, 15, 92, 13, 179, 73, 35, 109, 117, 184, 40, 8, 193, 197, 26, 151, 80, 33, 18, 129, 30, 9, 160, 139, 98, 31, 149, 90, 49, 75, 154, 47, 21, 164, 122, 175, 147, 152, 110, 81, 134, 166, 54, 0, 125, 57, 120, 169, 82, 194, 111, 94, 132, 144, 195, 16, 67, 7, 48, 85, 178, 113, 41, 22, 155, 5, 183, 103, 174, 24, 145, 78, 167, 191, 171, 39, 159, 42, 180, 91, 133, 27, 32, 130], "distancia": 316.42575123776396, "tiempo": 464.04213404655457}}