{"genetico": {"ruta": [1, 28, 8, 19, 0, 22, 38, 21, 30, 12, 4, 11, 29, 16, 20, 32, 6, 24, 37, 35, 33, 36, 31, 15, 5, 26, 39, 14, 23, 25, 3, 13, 9, 10, 34, 18, 27, 7, 17, 2], "distancia": 171.27449429291235, "tiempo": 1.0203320980072021}, "aco": {"ruta": [34, 7, 17, 2, 1, 28, 19, 8, 20, 0, 32, 22, 38, 21, 30, 12, 16, 29, 4, 11, 24, 15, 35, 31, 36, 33, 37, 6, 14, 39, 26, 5, 13, 9, 10, 3, 23, 25, 27, 18, 34], "distancia": 156.08732335494074, "tiempo": 25.21809196472168}}