{"genetico": {"ruta": [2, 17, 7, 27, 18, 34, 25, 23, 3, 10, 9, 13, 5, 39, 14, 26, 15, 31, 35, 37, 33, 36, 24, 6, 32, 22, 21, 30, 20, 0, 19, 28, 8, 1, 38, 11, 4, 29, 16, 12], "distancia": 176.9993992425304}, "aco": {"ruta": [2, 17, 7, 18, 27, 1, 8, 19, 28, 20, 0, 32, 22, 38, 21, 30, 12, 16, 29, 4, 11, 24, 33, 37, 35, 31, 36, 15, 5, 26, 39, 14, 6, 13, 9, 10, 3, 23, 25, 34, 2], "distancia": 156.4110351405797}}