{"genetico": {"ruta": [23, 55, 79, 28, 66, 20, 84, 16, 73, 98, 80, 4, 12, 56, 40, 63, 15, 81, 88, 17, 93, 26, 27, 74, 37, 57, 52, 82, 22, 47, 71, 19, 29, 58, 65, 91, 87, 83, 72, 9, 96, 11, 64, 69, 75, 6, 21, 2, 0, 8, 34, 13, 77, 60, 59, 42, 86, 97, 92, 62, 44, 3, 32, 99, 94, 24, 43, 10, 78, 39, 36, 53, 30, 5, 7, 46, 31, 70, 33, 95, 89, 51, 38, 90, 61, 18, 14, 76, 85, 49, 67, 1, 45, 35, 41, 50, 54, 68, 25, 48], "distancia": 727.6765063281995}, "aco": {"ruta": [67, 75, 31, 78, 42, 71, 36, 53, 30, 98, 20, 5, 44, 16, 15, 35, 94, 27, 69, 77, 62, 3, 18, 2, 32, 14, 61, 13, 0, 76, 9, 85, 72, 24, 33, 73, 46, 34, 49, 95, 92, 7, 84, 65, 96, 82, 52, 74, 40, 1, 17, 12, 47, 45, 4, 37, 8, 64, 57, 66, 28, 56, 43, 81, 93, 21, 83, 88, 6, 26, 87, 91, 39, 89, 38, 11, 51, 10, 54, 29, 58, 79, 23, 55, 50, 48, 80, 25, 68, 97, 99, 86, 70, 63, 59, 60, 22, 19, 41, 90, 67], "distancia": 201.53478905228394}}