{"genetico": {"ruta": [54, 80, 25, 23, 48, 58, 55, 89, 22, 26, 13, 7, 32, 2, 3, 27, 0, 76, 71, 74, 28, 62, 57, 45, 41, 67, 37, 8, 39, 64, 20, 61, 31, 5, 51, 17, 33, 29, 10, 68, 35, 15, 82, 4, 19, 12, 85, 90, 96, 65, 9, 93, 66, 63, 43, 77, 36, 95, 16, 72, 24, 60, 53, 94, 18, 84, 14, 75, 46, 70, 73, 97, 52, 21, 81, 6, 83, 88, 87, 44, 30, 98, 92, 40, 69, 59, 38, 11, 78, 91, 1, 79, 50, 56, 42, 99, 34, 49, 47, 86], "distancia": 735.0732710876241, "tiempo": 3.9623942375183105}, "aco": {"ruta": [99, 97, 34, 46, 73, 49, 95, 92, 7, 13, 0, 76, 9, 85, 72, 24, 33, 94, 27, 69, 77, 62, 3, 18, 2, 32, 14, 61, 65, 84, 96, 52, 82, 93, 81, 43, 56, 28, 66, 39, 91, 26, 87, 88, 6, 83, 21, 74, 40, 1, 17, 12, 47, 45, 4, 37, 8, 64, 59, 63, 57, 60, 89, 38, 11, 51, 10, 54, 29, 58, 79, 23, 55, 50, 48, 80, 25, 68, 30, 98, 20, 5, 44, 16, 15, 35, 70, 75, 67, 31, 86, 19, 22, 41, 90, 71, 42, 78, 36, 53, 99], "distancia": 200.44255394579807, "tiempo": 1086.9706988334656}}