{"genetico": {"ruta": [127, 61, 189, 3, 198, 112, 126, 66, 11, 53, 34, 184, 32, 63, 90, 19, 172, 107, 30, 128, 174, 54, 71, 23, 168, 16, 171, 199, 109, 37, 56, 26, 177, 188, 139, 82, 12, 162, 2, 175, 29, 144, 195, 6, 97, 41, 146, 68, 84, 138, 13, 52, 21, 27, 74, 167, 86, 141, 40, 151, 179, 77, 62, 38, 180, 59, 7, 78, 101, 154, 17, 136, 75, 102, 83, 142, 103, 105, 114, 92, 193, 50, 118, 143, 91, 100, 87, 178, 152, 147, 31, 140, 134, 123, 137, 44, 24, 28, 160, 0, 4, 132, 133, 93, 116, 69, 39, 166, 196, 51, 185, 57, 10, 96, 35, 99, 170, 33, 85, 108, 119, 43, 94, 20, 165, 197, 120, 115, 157, 89, 161, 80, 58, 113, 60, 156, 164, 46, 42, 129, 110, 121, 5, 150, 155, 148, 131, 14, 153, 15, 173, 182, 125, 9, 135, 88, 122, 95, 190, 158, 18, 149, 159, 176, 73, 49, 81, 76, 186, 181, 64, 70, 192, 104, 194, 48, 8, 106, 130, 163, 65, 169, 47, 79, 117, 111, 67, 1, 98, 55, 72, 145, 183, 187, 124, 22, 45, 25, 36, 191], "distancia": 1673.652765340217, "tiempo": 13.117664813995361}, "aco": {"ruta": [60, 92, 172, 53, 174, 9, 114, 62, 170, 40, 176, 32, 196, 77, 11, 73, 127, 38, 121, 74, 167, 150, 5, 194, 86, 21, 27, 19, 83, 102, 90, 155, 139, 70, 184, 171, 134, 108, 107, 69, 126, 188, 199, 190, 33, 120, 34, 18, 81, 106, 103, 3, 64, 113, 58, 54, 95, 193, 43, 119, 159, 131, 29, 168, 26, 48, 179, 122, 52, 14, 99, 148, 165, 98, 49, 128, 189, 6, 156, 80, 157, 115, 161, 144, 192, 89, 182, 46, 180, 76, 130, 87, 41, 197, 158, 13, 104, 183, 187, 162, 93, 59, 97, 30, 175, 20, 146, 16, 28, 37, 177, 42, 164, 15, 66, 118, 154, 143, 105, 8, 71, 78, 185, 94, 56, 7, 169, 145, 61, 63, 140, 151, 109, 57, 181, 136, 24, 85, 75, 132, 50, 117, 124, 141, 178, 142, 17, 72, 112, 133, 137, 51, 123, 31, 12, 47, 35, 160, 129, 198, 2, 116, 186, 4, 100, 23, 195, 44, 91, 152, 147, 68, 45, 96, 84, 55, 138, 135, 88, 153, 110, 163, 101, 67, 79, 25, 36, 191, 65, 82, 10, 22, 1, 111, 0, 149, 125, 39, 166, 173, 60], "distancia": 325.66346184393365, "tiempo": 695.4796631336212}}