{"genetico": {"ruta": [53, 85, 149, 134, 58, 100, 164, 78, 192, 158, 41, 26, 120, 73, 14, 171, 69, 129, 86, 5, 114, 55, 8, 118, 133, 65, 119, 32, 111, 162, 54, 194, 99, 189, 48, 167, 102, 196, 113, 125, 112, 154, 19, 27, 83, 176, 136, 36, 33, 146, 67, 109, 190, 95, 75, 137, 110, 163, 143, 169, 199, 103, 139, 121, 47, 116, 183, 13, 179, 174, 77, 15, 132, 35, 6, 180, 188, 22, 127, 140, 152, 153, 45, 44, 57, 172, 101, 84, 198, 195, 91, 184, 38, 63, 16, 156, 52, 104, 9, 28, 30, 147, 82, 155, 90, 1, 31, 141, 165, 87, 130, 122, 168, 107, 160, 175, 40, 98, 124, 74, 131, 29, 81, 24, 4, 178, 11, 3, 128, 89, 105, 68, 115, 18, 191, 151, 144, 93, 66, 25, 126, 166, 60, 157, 61, 106, 193, 50, 46, 187, 79, 34, 2, 70, 23, 94, 76, 148, 62, 20, 80, 92, 64, 173, 17, 56, 123, 12, 72, 150, 170, 10, 37, 135, 88, 96, 51, 138, 145, 49, 142, 7, 181, 59, 43, 182, 71, 185, 108, 161, 177, 97, 186, 42, 197, 159, 21, 39, 0, 117], "distancia": 1714.5313583598413}, "aco": {"ruta": [99, 148, 165, 98, 49, 128, 189, 6, 156, 80, 157, 115, 161, 144, 187, 158, 13, 104, 183, 175, 30, 59, 93, 162, 192, 182, 89, 46, 180, 76, 130, 87, 41, 197, 168, 29, 131, 159, 119, 53, 170, 40, 176, 32, 196, 77, 11, 73, 127, 38, 121, 74, 167, 150, 5, 194, 86, 21, 27, 19, 83, 90, 155, 102, 139, 70, 184, 171, 134, 108, 107, 188, 126, 69, 22, 1, 111, 142, 178, 141, 124, 117, 50, 132, 75, 85, 136, 24, 42, 164, 118, 154, 143, 105, 8, 71, 78, 185, 37, 28, 16, 20, 146, 97, 94, 56, 7, 169, 145, 61, 63, 140, 151, 109, 57, 181, 177, 26, 48, 179, 122, 52, 14, 43, 193, 58, 54, 95, 3, 113, 64, 60, 92, 172, 33, 174, 9, 114, 62, 103, 106, 120, 34, 18, 81, 199, 190, 17, 72, 112, 133, 137, 51, 123, 31, 12, 47, 35, 160, 129, 198, 2, 116, 186, 4, 15, 66, 100, 23, 195, 44, 91, 96, 45, 68, 147, 152, 84, 55, 138, 135, 88, 65, 191, 110, 153, 163, 101, 67, 79, 25, 36, 82, 149, 0, 10, 125, 39, 166, 173, 99], "distancia": 327.5198676247598}}