{"genetico": {"ruta": [147, 168, 36, 65, 73, 89, 99, 60, 152, 118, 144, 86, 25, 166, 49, 98, 20, 126, 183, 198, 121, 125, 145, 188, 176, 46, 31, 193, 174, 39, 192, 182, 103, 115, 127, 27, 116, 91, 53, 81, 74, 52, 93, 88, 180, 105, 148, 102, 136, 33, 185, 21, 165, 159, 111, 172, 94, 141, 189, 16, 160, 83, 140, 64, 63, 58, 179, 79, 35, 96, 45, 43, 70, 82, 3, 177, 75, 5, 107, 54, 156, 133, 97, 11, 50, 48, 146, 28, 196, 32, 143, 187, 112, 154, 2, 14, 184, 117, 131, 157, 44, 175, 84, 150, 80, 76, 100, 67, 47, 161, 59, 42, 124, 77, 197, 173, 41, 119, 40, 120, 56, 34, 23, 138, 106, 151, 153, 186, 101, 78, 9, 129, 4, 135, 55, 155, 62, 195, 6, 57, 90, 194, 69, 164, 72, 123, 139, 132, 142, 190, 95, 134, 19, 114, 26, 22, 68, 178, 38, 109, 71, 128, 170, 92, 104, 169, 8, 162, 24, 108, 37, 85, 18, 12, 167, 29, 30, 10, 0, 15, 1, 130, 163, 51, 149, 171, 61, 87, 66, 199, 113, 158, 191, 137, 13, 17, 181, 7, 110, 122], "distancia": 1701.005096686137, "tiempo": 12.959632873535156}, "aco": {"ruta": [62, 109, 181, 74, 50, 48, 148, 129, 130, 135, 71, 23, 28, 144, 11, 4, 81, 174, 146, 17, 166, 33, 151, 31, 89, 198, 103, 186, 57, 127, 153, 101, 99, 97, 112, 63, 102, 14, 187, 6, 157, 73, 75, 85, 183, 95, 76, 177, 44, 190, 162, 180, 139, 49, 60, 20, 126, 29, 199, 65, 3, 172, 171, 152, 37, 43, 36, 90, 45, 77, 140, 185, 58, 159, 39, 5, 80, 9, 184, 175, 196, 193, 150, 53, 78, 8, 154, 169, 132, 79, 93, 194, 40, 118, 122, 70, 69, 66, 161, 27, 52, 42, 142, 88, 0, 21, 84, 149, 98, 15, 16, 87, 55, 134, 168, 110, 136, 2, 117, 164, 173, 133, 35, 13, 121, 22, 179, 115, 143, 123, 32, 12, 145, 195, 188, 131, 192, 96, 100, 41, 68, 119, 106, 189, 178, 67, 138, 86, 25, 46, 38, 47, 155, 191, 7, 104, 94, 92, 1, 125, 137, 160, 141, 108, 124, 59, 83, 54, 156, 24, 165, 114, 176, 19, 72, 82, 120, 167, 116, 197, 182, 10, 158, 56, 107, 30, 61, 163, 91, 105, 26, 113, 64, 111, 18, 34, 147, 51, 128, 170, 62], "distancia": 325.3409808551569, "tiempo": 1029.0971429347992}}