{"genetico": {"ruta": [32, 47, 19, 84, 132, 60, 43, 16, 61, 196, 107, 190, 1, 141, 46, 155, 38, 189, 180, 108, 35, 188, 197, 11, 74, 174, 62, 146, 103, 100, 93, 114, 164, 85, 80, 135, 48, 148, 52, 9, 153, 112, 124, 126, 105, 195, 7, 94, 41, 171, 136, 98, 36, 18, 186, 131, 121, 156, 72, 184, 59, 119, 49, 5, 17, 51, 15, 26, 66, 21, 45, 69, 152, 33, 198, 199, 134, 20, 192, 176, 14, 181, 64, 110, 168, 53, 78, 63, 154, 127, 183, 90, 177, 118, 2, 44, 39, 79, 151, 97, 55, 91, 30, 65, 10, 137, 149, 99, 4, 129, 157, 145, 117, 92, 104, 163, 167, 116, 68, 57, 150, 182, 73, 185, 140, 40, 71, 147, 42, 139, 89, 67, 138, 75, 179, 27, 82, 142, 109, 81, 50, 28, 162, 29, 172, 130, 194, 70, 169, 77, 161, 178, 159, 3, 187, 88, 166, 143, 101, 56, 12, 106, 125, 86, 22, 111, 193, 83, 133, 54, 96, 0, 102, 37, 95, 191, 113, 160, 25, 175, 87, 158, 120, 170, 128, 23, 8, 165, 115, 58, 76, 31, 144, 122, 6, 123, 173, 24, 34, 13], "distancia": 1659.0661483021906}, "aco": {"ruta": [38, 46, 86, 25, 189, 138, 178, 68, 41, 100, 96, 34, 147, 99, 97, 112, 18, 111, 192, 131, 188, 64, 113, 110, 136, 26, 117, 164, 59, 124, 108, 83, 54, 156, 24, 165, 114, 176, 19, 82, 120, 167, 116, 161, 27, 52, 42, 142, 88, 0, 21, 84, 149, 98, 15, 16, 87, 55, 134, 168, 63, 102, 14, 187, 6, 157, 73, 75, 183, 85, 95, 76, 177, 44, 190, 162, 180, 139, 49, 60, 70, 37, 43, 36, 90, 45, 77, 185, 140, 58, 122, 5, 39, 159, 93, 79, 132, 169, 194, 8, 154, 53, 78, 150, 40, 175, 9, 184, 80, 196, 193, 101, 153, 127, 57, 186, 103, 198, 89, 31, 151, 33, 166, 17, 109, 62, 174, 146, 181, 148, 129, 50, 48, 74, 4, 51, 106, 119, 47, 155, 191, 7, 104, 94, 92, 67, 1, 125, 195, 145, 137, 12, 32, 123, 143, 115, 179, 22, 121, 13, 133, 35, 173, 141, 160, 2, 105, 91, 61, 30, 163, 107, 10, 182, 197, 72, 158, 56, 199, 65, 3, 172, 171, 66, 126, 29, 20, 69, 152, 118, 144, 28, 23, 71, 135, 130, 11, 81, 170, 128, 38], "distancia": 328.29870012254617}}