{"genetico": {"ruta": [14, 12, 19, 4, 29, 33, 32, 25, 27, 18, 38, 10, 6, 34, 11, 3, 15, 9, 26, 7, 23, 1, 20, 31, 37, 16, 30, 36, 17, 21, 5, 24, 39, 28, 0, 8, 2, 13, 22, 35], "distancia": 167.07437062688956}, "aco": {"ruta": [34, 6, 10, 11, 3, 15, 9, 26, 7, 23, 1, 2, 8, 20, 0, 28, 39, 24, 5, 31, 21, 37, 16, 30, 35, 22, 36, 17, 13, 12, 19, 4, 29, 27, 25, 32, 33, 14, 38, 18, 34], "distancia": 146.83617507950754}}