{"genetico": {"ruta": [11, 15, 23, 8, 20, 0, 24, 39, 28, 5, 1, 2, 7, 26, 9, 3, 31, 21, 37, 16, 30, 17, 36, 22, 35, 13, 12, 14, 33, 32, 38, 18, 10, 6, 34, 27, 4, 19, 29, 25], "distancia": 179.90449047386028, "tiempo": 1.0801091194152832}, "aco": {"ruta": [15, 9, 26, 11, 10, 6, 34, 18, 38, 3, 31, 37, 16, 30, 14, 33, 32, 25, 27, 29, 4, 19, 12, 13, 35, 22, 36, 17, 21, 5, 28, 39, 24, 0, 20, 8, 2, 1, 23, 7, 15], "distancia": 147.36219062158077, "tiempo": 25.79843783378601}}