{"genetico": {"ruta": [27, 66, 102, 148, 14, 142, 137, 35, 8, 114, 139, 69, 16, 78, 149, 37, 129, 9, 99, 20, 100, 28, 138, 144, 87, 1, 52, 115, 53, 4, 18, 143, 98, 79, 96, 33, 120, 126, 86, 64, 123, 15, 116, 40, 17, 113, 56, 19, 81, 93, 63, 2, 70, 107, 75, 110, 54, 145, 91, 68, 106, 22, 46, 3, 131, 11, 65, 12, 10, 57, 26, 32, 109, 47, 49, 122, 104, 31, 48, 5, 76, 71, 127, 89, 80, 140, 0, 84, 82, 132, 141, 38, 74, 83, 124, 119, 94, 73, 39, 23, 59, 112, 67, 58, 97, 36, 90, 7, 25, 50, 105, 108, 128, 41, 77, 55, 92, 24, 118, 43, 60, 103, 130, 45, 95, 34, 133, 125, 13, 117, 29, 61, 6, 44, 72, 21, 101, 85, 62, 88, 135, 42, 121, 134, 30, 136, 146, 111, 147, 51], "distancia": 1144.7147526357899, "tiempo": 7.714388847351074}, "aco": {"ruta": [92, 82, 133, 147, 16, 94, 72, 84, 117, 119, 80, 111, 88, 131, 56, 149, 8, 0, 78, 77, 146, 44, 124, 48, 45, 103, 57, 83, 127, 136, 39, 134, 31, 62, 30, 71, 130, 74, 68, 34, 95, 20, 110, 27, 86, 41, 9, 97, 113, 132, 51, 3, 36, 69, 104, 76, 5, 10, 126, 35, 53, 40, 70, 58, 137, 75, 108, 73, 38, 90, 17, 102, 91, 47, 115, 43, 54, 109, 98, 52, 106, 148, 4, 60, 6, 66, 96, 99, 64, 79, 18, 65, 32, 33, 100, 116, 29, 141, 15, 28, 50, 23, 12, 61, 114, 143, 1, 105, 67, 123, 26, 142, 140, 129, 25, 144, 145, 107, 139, 112, 42, 89, 121, 21, 101, 24, 22, 59, 46, 135, 7, 87, 14, 118, 81, 11, 37, 93, 85, 19, 120, 122, 49, 138, 2, 63, 128, 55, 125, 13, 92], "distancia": 265.02795733099356, "tiempo": 963.6272268295288}}