{"genetico": {"ruta": [72, 92, 78, 14, 7, 141, 126, 109, 47, 20, 45, 83, 111, 57, 74, 35, 134, 27, 64, 51, 96, 21, 11, 62, 146, 118, 94, 142, 40, 70, 69, 0, 124, 101, 58, 48, 39, 31, 4, 2, 113, 149, 85, 116, 8, 100, 33, 67, 12, 59, 9, 148, 54, 128, 140, 138, 130, 60, 102, 104, 119, 13, 125, 139, 32, 3, 77, 23, 28, 25, 145, 121, 143, 53, 110, 115, 10, 76, 79, 15, 61, 98, 42, 137, 65, 56, 91, 34, 6, 107, 44, 127, 132, 63, 131, 97, 5, 30, 88, 68, 105, 1, 43, 90, 108, 71, 99, 95, 75, 41, 38, 17, 120, 87, 93, 19, 106, 50, 86, 144, 123, 26, 22, 36, 135, 46, 24, 37, 103, 89, 114, 29, 112, 73, 129, 18, 52, 49, 80, 81, 55, 147, 117, 16, 133, 84, 136, 122, 66, 82], "distancia": 1149.1612495997933}, "aco": {"ruta": [134, 31, 39, 136, 127, 103, 57, 83, 45, 48, 27, 86, 110, 20, 130, 74, 30, 62, 71, 68, 34, 95, 106, 148, 4, 60, 6, 66, 96, 38, 90, 17, 102, 91, 47, 115, 43, 54, 109, 98, 52, 75, 108, 73, 99, 104, 76, 5, 10, 126, 35, 53, 40, 70, 58, 137, 64, 79, 18, 65, 32, 33, 100, 116, 29, 141, 15, 28, 50, 23, 12, 61, 114, 143, 1, 105, 123, 67, 26, 142, 22, 59, 24, 101, 21, 140, 129, 25, 144, 145, 107, 139, 112, 42, 89, 121, 122, 120, 49, 138, 63, 128, 85, 19, 81, 118, 14, 46, 135, 7, 87, 93, 37, 11, 2, 149, 56, 51, 3, 132, 36, 69, 97, 9, 41, 113, 124, 44, 146, 77, 78, 0, 8, 88, 131, 111, 80, 117, 119, 84, 92, 82, 133, 147, 72, 94, 16, 55, 125, 13, 134], "distancia": 255.7593693211449}}