{"genetico": {"ruta": [21, 13, 12, 14, 6, 4, 29, 9, 34, 31, 33, 5, 1, 30, 27, 32, 35, 16, 19, 23, 36, 8, 11, 28, 20, 2, 18, 15, 0, 37, 17, 7, 10, 39, 26, 38, 3, 22, 25, 24], "distancia": 134.56162236112218, "tiempo": 0.9952991008758545}, "aco": {"ruta": [9, 5, 33, 34, 31, 36, 23, 24, 19, 25, 22, 3, 38, 16, 35, 32, 26, 0, 37, 7, 17, 10, 39, 15, 18, 2, 20, 28, 11, 8, 30, 1, 27, 21, 13, 12, 14, 6, 4, 29, 9], "distancia": 111.63089797298159, "tiempo": 25.21137523651123}}