{"genetico": {"ruta": [22, 3, 38, 16, 35, 19, 25, 23, 24, 31, 36, 33, 32, 10, 7, 17, 37, 0, 39, 26, 15, 18, 20, 28, 2, 11, 8, 30, 1, 27, 5, 9, 34, 29, 4, 6, 14, 12, 13, 21], "distancia": 125.7738353751391}, "aco": {"ruta": [5, 9, 34, 33, 36, 31, 24, 23, 19, 25, 22, 3, 38, 35, 16, 32, 26, 0, 37, 17, 7, 10, 39, 15, 18, 20, 28, 2, 11, 8, 30, 1, 27, 21, 13, 12, 14, 6, 4, 29, 5], "distancia": 111.69535542995717}}