{"genetico": {"ruta": [128, 79, 26, 103, 82, 124, 68, 73, 11, 98, 35, 45, 62, 109, 70, 149, 99, 132, 30, 7, 90, 43, 78, 134, 72, 127, 148, 114, 141, 18, 126, 77, 84, 95, 50, 34, 81, 16, 104, 102, 91, 10, 3, 69, 58, 15, 51, 19, 38, 96, 1, 83, 32, 12, 87, 25, 71, 27, 31, 135, 93, 120, 113, 14, 24, 65, 136, 80, 139, 116, 67, 89, 123, 40, 111, 108, 119, 39, 20, 147, 59, 8, 137, 129, 76, 41, 28, 23, 146, 92, 143, 37, 56, 142, 9, 48, 144, 115, 13, 85, 145, 110, 64, 107, 49, 60, 4, 118, 106, 53, 6, 44, 101, 75, 33, 22, 112, 0, 88, 52, 133, 138, 122, 61, 66, 5, 131, 36, 55, 121, 21, 86, 46, 74, 42, 105, 130, 17, 94, 54, 140, 47, 97, 125, 100, 117, 29, 63, 2, 57], "distancia": 1137.8869424939712}, "aco": {"ruta": [126, 125, 98, 101, 69, 41, 7, 103, 89, 123, 147, 8, 67, 96, 99, 97, 118, 72, 59, 14, 61, 28, 145, 124, 84, 132, 45, 15, 95, 1, 143, 29, 127, 63, 58, 90, 140, 110, 2, 30, 77, 146, 50, 114, 20, 68, 23, 39, 4, 18, 3, 75, 54, 107, 133, 64, 35, 11, 109, 62, 144, 129, 142, 13, 51, 93, 60, 137, 138, 115, 94, 76, 86, 79, 25, 122, 100, 102, 33, 82, 128, 91, 131, 36, 49, 44, 56, 53, 10, 31, 70, 27, 121, 149, 6, 55, 108, 119, 88, 0, 105, 136, 38, 65, 112, 22, 85, 46, 74, 42, 80, 130, 12, 17, 19, 117, 52, 87, 104, 32, 37, 134, 24, 116, 73, 78, 21, 83, 148, 5, 16, 26, 9, 120, 66, 43, 57, 106, 47, 113, 34, 92, 135, 71, 48, 40, 111, 141, 139, 81, 126], "distancia": 251.3100886956304}}