{"genetico": {"ruta": [22, 59, 96, 139, 114, 89, 105, 138, 115, 82, 21, 32, 67, 124, 35, 142, 78, 146, 90, 127, 15, 11, 20, 79, 48, 84, 53, 3, 64, 16, 68, 95, 100, 2, 5, 33, 13, 94, 24, 58, 111, 125, 43, 30, 120, 14, 104, 50, 76, 18, 88, 136, 65, 112, 108, 141, 63, 101, 147, 121, 107, 39, 27, 140, 29, 132, 116, 38, 131, 93, 6, 55, 91, 44, 97, 133, 4, 12, 19, 80, 128, 31, 73, 1, 109, 119, 143, 110, 41, 34, 52, 87, 26, 106, 37, 46, 72, 98, 71, 62, 144, 135, 60, 0, 130, 47, 17, 74, 42, 85, 92, 83, 81, 69, 36, 129, 122, 123, 148, 99, 103, 7, 40, 23, 145, 8, 66, 57, 134, 118, 77, 28, 149, 61, 10, 54, 137, 45, 49, 70, 51, 56, 113, 86, 25, 102, 75, 126, 9, 117], "distancia": 1192.4798934067999, "tiempo": 7.880198955535889}, "aco": {"ruta": [78, 21, 116, 73, 24, 134, 16, 26, 43, 66, 9, 120, 57, 106, 47, 113, 86, 79, 25, 122, 100, 102, 33, 82, 128, 91, 131, 36, 49, 53, 10, 13, 51, 60, 93, 137, 138, 115, 94, 76, 34, 92, 135, 71, 48, 126, 125, 98, 101, 69, 41, 7, 103, 89, 123, 147, 8, 67, 96, 99, 97, 83, 148, 5, 14, 59, 118, 72, 28, 145, 45, 15, 95, 1, 143, 29, 127, 63, 58, 20, 68, 132, 124, 84, 61, 30, 77, 146, 50, 110, 2, 114, 90, 140, 23, 39, 4, 18, 3, 75, 54, 107, 133, 64, 35, 11, 139, 81, 40, 111, 141, 142, 129, 109, 62, 144, 31, 44, 56, 70, 27, 121, 149, 6, 55, 108, 119, 88, 0, 105, 136, 38, 65, 112, 22, 85, 46, 74, 42, 12, 130, 80, 17, 19, 117, 52, 87, 104, 32, 37, 78], "distancia": 247.4355686293354, "tiempo": 261.72912883758545}}