{"genetico": {"ruta": [14, 33, 8, 24, 9, 19, 6, 38, 30, 26, 11, 28, 32, 34, 21, 15, 18, 5, 13, 25, 4, 29, 37, 12, 23, 39, 10, 1, 0, 3, 27, 2, 31, 16, 22, 35, 36, 7, 20, 17], "distancia": 119.38316818604628, "tiempo": 1.021928071975708}, "aco": {"ruta": [2, 31, 35, 22, 16, 29, 37, 12, 28, 23, 39, 10, 1, 21, 15, 18, 5, 4, 25, 13, 11, 26, 30, 34, 38, 6, 19, 9, 32, 14, 33, 24, 8, 17, 20, 7, 3, 27, 36, 0, 2], "distancia": 104.10777549848633, "tiempo": 24.876214027404785}}