{"genetico": {"ruta": [14, 33, 8, 24, 19, 38, 30, 26, 11, 13, 25, 4, 5, 34, 6, 9, 32, 1, 10, 12, 28, 21, 15, 18, 37, 29, 23, 39, 2, 16, 22, 35, 31, 0, 3, 36, 27, 7, 20, 17], "distancia": 119.69532035557677}, "aco": {"ruta": [28, 23, 39, 10, 1, 21, 15, 18, 5, 4, 25, 13, 11, 26, 30, 34, 38, 6, 19, 9, 32, 14, 33, 24, 8, 17, 20, 7, 0, 3, 27, 36, 31, 2, 22, 35, 16, 29, 37, 12, 28], "distancia": 104.69473958019029}}