{"genetico": {"ruta": [62, 95, 167, 199, 160, 31, 196, 110, 141, 96, 197, 53, 132, 187, 91, 170, 77, 64, 89, 9, 49, 25, 104, 87, 140, 174, 116, 47, 179, 111, 155, 115, 0, 86, 125, 192, 68, 128, 84, 59, 21, 121, 118, 17, 190, 50, 94, 186, 145, 133, 137, 131, 54, 101, 120, 107, 117, 7, 134, 143, 109, 164, 2, 175, 11, 173, 45, 153, 13, 146, 184, 3, 124, 119, 185, 76, 88, 74, 16, 106, 44, 156, 92, 180, 166, 189, 6, 60, 154, 183, 66, 15, 61, 69, 1, 78, 123, 34, 176, 135, 90, 18, 43, 198, 27, 168, 5, 97, 36, 24, 130, 103, 10, 98, 188, 144, 112, 79, 75, 73, 35, 148, 33, 12, 139, 136, 23, 30, 93, 85, 169, 105, 55, 32, 142, 151, 147, 108, 150, 172, 80, 100, 165, 8, 161, 71, 56, 28, 194, 158, 58, 129, 46, 72, 70, 14, 149, 157, 29, 181, 138, 182, 113, 67, 42, 41, 114, 195, 65, 22, 57, 162, 37, 191, 83, 40, 48, 126, 52, 122, 178, 19, 26, 171, 20, 4, 82, 38, 63, 163, 159, 152, 102, 99, 193, 127, 39, 81, 177, 51], "distancia": 1656.0292000801658}, "aco": {"ruta": [121, 46, 63, 132, 1, 25, 23, 72, 40, 153, 21, 196, 103, 134, 7, 192, 109, 88, 110, 57, 81, 162, 70, 13, 127, 59, 195, 26, 22, 169, 177, 31, 55, 84, 120, 19, 71, 159, 51, 62, 105, 160, 137, 133, 106, 190, 16, 32, 142, 28, 175, 194, 181, 140, 2, 67, 135, 151, 64, 156, 77, 74, 170, 193, 179, 52, 91, 39, 141, 99, 157, 30, 197, 149, 184, 165, 114, 115, 144, 152, 24, 17, 186, 65, 147, 4, 20, 145, 79, 10, 29, 14, 163, 167, 54, 171, 98, 92, 101, 18, 80, 90, 191, 176, 44, 166, 83, 119, 89, 11, 161, 143, 12, 180, 36, 61, 33, 154, 172, 5, 82, 50, 107, 69, 112, 86, 49, 35, 116, 185, 164, 168, 183, 108, 3, 178, 9, 126, 148, 174, 123, 111, 117, 125, 189, 155, 102, 104, 87, 85, 93, 199, 8, 95, 150, 129, 38, 136, 73, 66, 118, 138, 27, 182, 100, 122, 43, 42, 198, 158, 188, 6, 47, 41, 48, 37, 56, 146, 131, 113, 97, 187, 139, 130, 124, 94, 60, 75, 45, 173, 15, 58, 78, 96, 34, 76, 0, 53, 68, 128, 121], "distancia": 293.4135625789853}}