{"genetico": {"ruta": [126, 12, 101, 145, 34, 28, 47, 18, 24, 146, 85, 33, 32, 160, 186, 100, 66, 156, 77, 79, 174, 2, 140, 41, 3, 136, 187, 165, 81, 19, 170, 124, 175, 16, 5, 97, 6, 133, 30, 74, 184, 197, 84, 51, 162, 88, 93, 134, 167, 76, 115, 38, 35, 144, 9, 188, 73, 185, 149, 1, 96, 87, 193, 42, 54, 58, 147, 65, 53, 90, 151, 142, 98, 92, 46, 44, 110, 121, 23, 0, 104, 27, 37, 135, 68, 114, 72, 178, 150, 95, 11, 176, 198, 129, 148, 94, 45, 78, 49, 171, 172, 67, 64, 181, 182, 113, 29, 60, 166, 120, 21, 179, 91, 143, 39, 141, 159, 177, 55, 106, 52, 196, 69, 89, 122, 183, 155, 128, 107, 15, 62, 17, 48, 112, 111, 86, 195, 40, 153, 82, 56, 83, 173, 4, 20, 189, 102, 180, 168, 192, 158, 161, 99, 123, 117, 154, 10, 108, 157, 164, 8, 139, 61, 118, 190, 138, 131, 191, 119, 36, 116, 70, 22, 103, 50, 125, 25, 163, 194, 169, 137, 59, 109, 132, 63, 43, 71, 105, 127, 13, 57, 199, 14, 7, 130, 80, 75, 31, 26, 152], "distancia": 1683.975933422703, "tiempo": 71.86266708374023}, "aco": {"ruta": [179, 193, 170, 74, 156, 77, 16, 190, 32, 142, 106, 28, 175, 194, 181, 140, 2, 67, 135, 151, 64, 163, 14, 29, 10, 79, 145, 4, 20, 187, 191, 90, 80, 131, 113, 122, 100, 146, 56, 43, 42, 198, 101, 92, 98, 171, 167, 54, 158, 188, 6, 47, 41, 182, 27, 138, 118, 166, 44, 176, 58, 15, 173, 45, 75, 60, 94, 124, 130, 139, 147, 65, 186, 17, 24, 152, 144, 34, 96, 78, 168, 164, 185, 117, 111, 123, 174, 148, 126, 9, 178, 183, 108, 3, 115, 114, 196, 103, 153, 21, 134, 7, 192, 109, 157, 30, 99, 149, 197, 165, 184, 141, 88, 110, 57, 81, 162, 70, 13, 127, 59, 195, 105, 62, 51, 160, 26, 22, 169, 177, 31, 55, 120, 84, 19, 71, 159, 68, 53, 76, 0, 121, 46, 63, 132, 1, 25, 23, 72, 40, 128, 116, 35, 49, 86, 112, 69, 136, 73, 38, 129, 150, 95, 61, 33, 154, 5, 172, 50, 107, 82, 102, 155, 189, 125, 104, 85, 87, 93, 199, 8, 36, 180, 12, 161, 143, 66, 89, 11, 119, 83, 97, 18, 37, 48, 137, 133, 39, 52, 91, 179], "distancia": 297.8861805409598, "tiempo": 499.45177698135376}}