{"genetico": {"ruta": [95, 55, 178, 1, 148, 96, 176, 50, 179, 122, 172, 77, 150, 195, 152, 54, 2, 39, 160, 145, 9, 138, 31, 102, 74, 163, 82, 112, 71, 18, 67, 68, 10, 59, 191, 88, 91, 130, 36, 113, 35, 129, 60, 164, 141, 140, 151, 26, 173, 81, 40, 194, 27, 78, 75, 186, 80, 90, 89, 34, 184, 116, 167, 100, 83, 175, 42, 117, 37, 169, 198, 107, 110, 5, 168, 32, 104, 64, 177, 188, 22, 121, 174, 156, 190, 183, 123, 126, 115, 199, 143, 85, 87, 154, 197, 11, 20, 46, 13, 134, 38, 180, 106, 146, 53, 189, 8, 17, 79, 30, 171, 33, 162, 69, 185, 25, 114, 181, 119, 49, 98, 158, 97, 111, 142, 149, 193, 182, 101, 29, 170, 58, 124, 196, 127, 99, 72, 93, 56, 159, 131, 23, 94, 21, 187, 120, 70, 62, 133, 28, 118, 103, 14, 57, 44, 63, 6, 166, 61, 24, 157, 135, 66, 48, 73, 109, 0, 161, 192, 65, 84, 125, 136, 7, 52, 86, 19, 165, 128, 76, 15, 105, 47, 137, 147, 45, 4, 41, 139, 12, 3, 132, 51, 153, 144, 155, 92, 16, 108, 43], "distancia": 1674.9339318135658}, "aco": {"ruta": [9, 3, 141, 171, 154, 196, 8, 33, 160, 90, 32, 101, 74, 80, 51, 168, 128, 153, 113, 144, 77, 151, 92, 12, 137, 114, 195, 178, 76, 116, 28, 181, 35, 82, 162, 127, 43, 198, 78, 44, 179, 188, 125, 42, 180, 150, 112, 173, 65, 161, 147, 71, 1, 172, 48, 73, 152, 174, 140, 118, 45, 189, 89, 39, 142, 192, 159, 119, 105, 199, 27, 22, 61, 156, 120, 63, 187, 111, 139, 185, 75, 19, 104, 122, 15, 0, 107, 26, 106, 31, 24, 20, 109, 55, 99, 103, 117, 148, 124, 16, 96, 13, 72, 46, 52, 94, 176, 50, 93, 14, 25, 169, 66, 95, 41, 102, 166, 69, 57, 110, 47, 37, 108, 84, 7, 23, 165, 2, 49, 134, 62, 70, 164, 4, 163, 10, 145, 87, 79, 17, 170, 132, 175, 194, 100, 191, 86, 53, 58, 85, 38, 88, 129, 64, 56, 60, 135, 115, 123, 157, 184, 6, 83, 197, 155, 36, 190, 54, 183, 167, 21, 136, 177, 126, 133, 143, 146, 11, 121, 5, 29, 30, 59, 138, 97, 193, 18, 182, 158, 40, 91, 130, 149, 98, 131, 68, 67, 186, 81, 34, 9], "distancia": 328.8593506732498}}