{"genetico": {"ruta": [113, 65, 7, 119, 48, 102, 197, 117, 0, 194, 131, 176, 103, 75, 19, 188, 127, 47, 150, 139, 62, 159, 40, 68, 26, 169, 92, 30, 167, 155, 94, 66, 142, 53, 32, 173, 33, 34, 145, 87, 67, 29, 191, 3, 8, 182, 138, 97, 174, 57, 77, 10, 158, 149, 6, 71, 22, 70, 88, 38, 64, 126, 146, 136, 11, 14, 93, 137, 114, 84, 181, 81, 46, 96, 9, 100, 31, 27, 49, 185, 28, 135, 190, 111, 121, 41, 56, 195, 168, 189, 160, 5, 107, 54, 50, 42, 129, 130, 18, 193, 112, 105, 39, 161, 104, 36, 123, 72, 20, 163, 144, 133, 101, 143, 21, 147, 37, 187, 1, 110, 16, 13, 95, 156, 148, 166, 109, 178, 90, 124, 35, 179, 43, 120, 106, 74, 186, 141, 15, 184, 55, 86, 140, 78, 108, 164, 134, 132, 98, 199, 165, 151, 79, 175, 170, 83, 58, 157, 12, 52, 122, 116, 24, 61, 162, 154, 177, 85, 125, 4, 172, 152, 91, 89, 128, 153, 80, 63, 183, 17, 171, 118, 198, 82, 44, 115, 60, 73, 196, 59, 51, 99, 69, 76, 192, 25, 180, 45, 2, 23], "distancia": 1681.7358150696716, "tiempo": 13.0884370803833}, "aco": {"ruta": [92, 12, 137, 77, 151, 144, 113, 153, 101, 80, 51, 186, 128, 168, 81, 32, 74, 9, 34, 87, 79, 17, 170, 132, 175, 194, 100, 86, 191, 53, 58, 85, 38, 88, 129, 64, 56, 60, 135, 115, 123, 106, 26, 24, 31, 107, 0, 15, 122, 104, 19, 75, 94, 176, 50, 93, 14, 25, 169, 66, 95, 41, 103, 16, 124, 117, 148, 13, 96, 72, 46, 52, 167, 54, 183, 190, 157, 184, 6, 83, 197, 36, 155, 146, 11, 121, 5, 29, 30, 59, 149, 138, 97, 193, 18, 182, 158, 40, 130, 91, 98, 131, 68, 21, 126, 133, 143, 177, 136, 49, 2, 62, 134, 189, 89, 39, 119, 105, 159, 192, 142, 165, 23, 20, 109, 199, 27, 22, 61, 63, 187, 111, 120, 156, 47, 108, 57, 110, 84, 69, 166, 102, 7, 37, 139, 185, 99, 55, 112, 147, 71, 1, 172, 48, 35, 181, 28, 116, 76, 178, 43, 198, 78, 44, 179, 188, 125, 42, 180, 150, 161, 173, 65, 127, 195, 162, 82, 33, 160, 90, 3, 141, 171, 154, 196, 8, 73, 152, 174, 140, 118, 45, 70, 164, 4, 163, 10, 145, 67, 114, 92], "distancia": 329.41970419592997, "tiempo": 455.3397340774536}}