{"genetico": {"ruta": [38, 20, 76, 179, 46, 56, 114, 144, 93, 132, 64, 115, 3, 106, 120, 188, 63, 193, 39, 166, 69, 131, 117, 86, 91, 27, 160, 183, 77, 51, 107, 138, 57, 94, 184, 95, 156, 119, 165, 15, 79, 1, 9, 142, 60, 40, 16, 23, 5, 146, 41, 113, 157, 163, 50, 78, 136, 99, 72, 198, 149, 111, 32, 176, 103, 68, 174, 175, 129, 158, 71, 59, 88, 116, 17, 28, 84, 187, 125, 161, 90, 81, 14, 122, 123, 134, 150, 135, 128, 36, 10, 172, 73, 180, 61, 4, 96, 194, 43, 45, 37, 164, 44, 26, 42, 139, 108, 35, 169, 168, 82, 67, 80, 133, 190, 98, 92, 130, 12, 24, 182, 173, 58, 11, 21, 55, 105, 191, 145, 153, 29, 97, 151, 89, 170, 62, 152, 162, 47, 6, 155, 127, 141, 171, 121, 49, 52, 148, 109, 19, 137, 195, 83, 34, 143, 25, 87, 167, 118, 199, 104, 74, 33, 8, 126, 196, 30, 85, 31, 70, 18, 48, 192, 186, 197, 110, 54, 112, 2, 22, 159, 189, 102, 124, 178, 13, 100, 101, 181, 75, 177, 53, 154, 185, 147, 0, 66, 65, 7, 140], "distancia": 1611.923068311522, "tiempo": 13.0752272605896}, "aco": {"ruta": [83, 73, 185, 74, 79, 174, 104, 175, 158, 134, 16, 98, 53, 163, 189, 77, 107, 55, 46, 5, 47, 24, 177, 30, 123, 153, 26, 103, 151, 8, 121, 44, 22, 85, 33, 32, 101, 70, 111, 19, 154, 31, 149, 66, 171, 78, 49, 68, 51, 89, 0, 147, 180, 178, 133, 25, 127, 95, 18, 42, 122, 1, 152, 100, 41, 164, 62, 61, 125, 146, 144, 181, 75, 29, 131, 194, 155, 38, 165, 114, 117, 93, 92, 86, 193, 48, 84, 10, 142, 99, 12, 161, 169, 160, 60, 50, 88, 76, 36, 20, 72, 63, 28, 39, 9, 148, 13, 150, 27, 197, 179, 14, 54, 182, 80, 170, 157, 23, 143, 56, 159, 196, 110, 176, 162, 156, 45, 97, 166, 67, 43, 145, 192, 186, 82, 126, 116, 3, 172, 37, 90, 128, 120, 17, 40, 106, 183, 138, 188, 130, 119, 135, 57, 69, 4, 96, 168, 21, 132, 59, 198, 102, 7, 71, 112, 34, 58, 11, 167, 141, 139, 137, 64, 81, 199, 184, 91, 94, 105, 35, 191, 15, 136, 115, 108, 124, 140, 173, 113, 109, 2, 195, 118, 52, 6, 187, 87, 190, 65, 129, 83], "distancia": 295.3452139830435, "tiempo": 452.73574686050415}}