{"genetico": {"ruta": [165, 106, 192, 177, 32, 121, 56, 93, 24, 199, 29, 79, 2, 65, 74, 46, 132, 90, 69, 109, 47, 110, 156, 137, 169, 81, 152, 170, 128, 193, 179, 186, 28, 61, 118, 35, 183, 130, 63, 21, 182, 1, 42, 143, 181, 103, 154, 17, 59, 117, 67, 153, 120, 168, 162, 138, 0, 50, 184, 89, 49, 101, 145, 167, 37, 22, 91, 175, 8, 185, 78, 80, 58, 124, 141, 99, 48, 114, 16, 178, 147, 57, 43, 77, 163, 125, 13, 97, 176, 161, 3, 9, 98, 140, 105, 39, 146, 15, 112, 148, 55, 10, 40, 60, 166, 119, 189, 36, 159, 62, 52, 71, 11, 7, 72, 136, 195, 139, 92, 194, 75, 127, 122, 70, 134, 142, 196, 131, 38, 155, 108, 54, 84, 20, 45, 86, 198, 157, 144, 12, 188, 171, 100, 95, 73, 6, 83, 66, 173, 5, 51, 111, 26, 53, 85, 174, 113, 33, 158, 31, 18, 133, 104, 190, 87, 68, 64, 197, 123, 180, 187, 34, 191, 129, 19, 150, 107, 82, 116, 126, 135, 172, 151, 4, 76, 96, 160, 149, 88, 27, 102, 25, 44, 30, 41, 164, 14, 94, 115, 23], "distancia": 1613.5728791700087}, "aco": {"ruta": [8, 121, 44, 103, 26, 151, 1, 111, 32, 101, 70, 154, 31, 149, 66, 171, 78, 49, 68, 51, 89, 0, 65, 190, 87, 129, 83, 73, 185, 74, 79, 174, 104, 175, 147, 180, 178, 187, 52, 6, 133, 25, 127, 95, 18, 42, 122, 2, 195, 118, 81, 199, 137, 64, 139, 141, 184, 167, 15, 191, 136, 35, 105, 94, 115, 108, 124, 140, 173, 102, 7, 198, 71, 75, 181, 144, 146, 125, 61, 62, 150, 27, 197, 152, 100, 41, 164, 109, 113, 91, 34, 11, 58, 112, 165, 114, 117, 93, 92, 132, 59, 29, 131, 194, 155, 38, 9, 28, 39, 63, 72, 86, 193, 48, 84, 10, 142, 99, 12, 161, 169, 160, 60, 50, 88, 76, 36, 20, 80, 170, 182, 14, 54, 179, 148, 13, 196, 23, 157, 21, 168, 96, 4, 45, 97, 166, 67, 43, 145, 192, 186, 82, 126, 116, 3, 172, 37, 90, 128, 120, 17, 40, 106, 183, 138, 188, 130, 119, 135, 57, 69, 162, 156, 143, 110, 177, 24, 56, 159, 176, 5, 47, 30, 123, 153, 22, 53, 163, 189, 77, 107, 55, 46, 16, 98, 134, 33, 85, 158, 19, 8], "distancia": 293.178917839895}}