{"genetico": {"ruta": [27, 58, 60, 28, 18, 35, 17, 7, 0, 97, 69, 88, 59, 67, 10, 26, 6, 29, 55, 93, 64, 11, 2, 31, 76, 30, 16, 21, 79, 46, 96, 81, 86, 90, 23, 71, 63, 62, 73, 85, 40, 75, 65, 98, 45, 9, 39, 56, 72, 61, 5, 33, 13, 50, 51, 66, 19, 25, 89, 53, 49, 78, 87, 3, 22, 14, 52, 48, 94, 92, 1, 15, 84, 43, 41, 83, 68, 47, 37, 44, 95, 8, 32, 82, 57, 80, 77, 42, 12, 74, 4, 70, 99, 20, 34, 91, 36, 38, 54, 24], "distancia": 723.2494095572322}, "aco": {"ruta": [27, 64, 18, 58, 39, 78, 75, 32, 49, 22, 29, 30, 12, 72, 95, 74, 4, 19, 76, 38, 41, 44, 81, 96, 83, 1, 84, 40, 56, 93, 55, 5, 87, 61, 3, 11, 86, 20, 2, 65, 34, 47, 69, 92, 42, 97, 63, 91, 85, 79, 0, 94, 67, 73, 70, 77, 57, 26, 35, 53, 46, 80, 6, 25, 89, 59, 8, 10, 90, 71, 21, 31, 37, 88, 51, 15, 43, 36, 23, 7, 66, 99, 13, 50, 14, 62, 17, 33, 82, 16, 48, 68, 9, 60, 52, 45, 28, 98, 54, 24, 27], "distancia": 214.89986035273657}}