{"genetico": {"ruta": [14, 1, 28, 36, 0, 27, 3, 26, 35, 29, 2, 24, 10, 39, 34, 6, 11, 9, 31, 18, 19, 7, 13, 30, 21, 4, 37, 33, 12, 38, 22, 15, 23, 25, 20, 16, 5, 8, 17, 32], "distancia": 184.6366699083448}, "aco": {"ruta": [9, 31, 29, 2, 24, 11, 10, 39, 34, 0, 27, 35, 26, 3, 6, 32, 17, 15, 23, 5, 8, 25, 20, 16, 12, 38, 33, 22, 4, 37, 21, 30, 13, 7, 19, 18, 36, 28, 1, 14, 9], "distancia": 151.82262123816818}}