{"genetico": {"ruta": [18, 36, 37, 4, 33, 38, 12, 25, 20, 16, 5, 8, 23, 17, 15, 32, 6, 0, 24, 39, 10, 11, 9, 19, 7, 13, 30, 21, 22, 34, 3, 26, 27, 2, 35, 29, 31, 14, 1, 28], "distancia": 168.9988739998409, "tiempo": 1.0345757007598877}, "aco": {"ruta": [31, 9, 11, 10, 39, 34, 0, 24, 2, 35, 29, 27, 26, 3, 6, 32, 22, 33, 38, 12, 25, 20, 5, 8, 23, 15, 17, 16, 37, 4, 21, 30, 13, 7, 19, 36, 18, 28, 1, 14, 31], "distancia": 151.07909783115733, "tiempo": 25.20178198814392}}