{"genetico": {"ruta": [46, 100, 87, 82, 92, 136, 133, 20, 79, 38, 145, 85, 44, 119, 31, 127, 96, 139, 73, 42, 26, 27, 138, 80, 76, 148, 128, 129, 144, 19, 59, 51, 2, 35, 131, 93, 123, 120, 102, 97, 22, 114, 3, 140, 64, 135, 7, 12, 134, 11, 52, 67, 18, 141, 10, 81, 39, 66, 33, 130, 115, 113, 45, 104, 88, 142, 89, 40, 95, 83, 117, 137, 58, 1, 43, 86, 111, 6, 109, 65, 61, 125, 54, 56, 13, 112, 0, 63, 24, 70, 50, 53, 110, 121, 16, 28, 84, 17, 99, 9, 15, 55, 98, 30, 49, 77, 147, 23, 48, 103, 149, 94, 68, 47, 90, 107, 75, 32, 105, 91, 146, 21, 72, 4, 25, 143, 132, 5, 118, 106, 126, 101, 124, 74, 36, 8, 29, 62, 37, 69, 41, 71, 60, 116, 122, 78, 14, 34, 108, 57], "distancia": 1124.0921816668717, "tiempo": 7.829462051391602}, "aco": {"ruta": [146, 111, 108, 73, 48, 3, 1, 107, 24, 31, 136, 119, 6, 147, 15, 23, 105, 101, 142, 99, 65, 56, 70, 112, 77, 88, 7, 62, 102, 9, 135, 61, 34, 30, 121, 109, 13, 140, 106, 32, 144, 14, 118, 137, 0, 125, 114, 68, 97, 63, 28, 113, 79, 85, 4, 54, 72, 22, 33, 117, 145, 29, 59, 44, 83, 89, 81, 95, 19, 36, 35, 80, 138, 110, 64, 124, 149, 126, 78, 90, 74, 39, 47, 122, 103, 129, 55, 123, 66, 58, 134, 40, 120, 41, 131, 93, 96, 51, 45, 94, 43, 98, 71, 75, 139, 60, 42, 49, 26, 20, 86, 133, 116, 82, 92, 2, 87, 100, 91, 37, 5, 143, 132, 127, 46, 57, 16, 50, 25, 8, 128, 148, 38, 130, 115, 21, 84, 10, 141, 69, 18, 27, 53, 17, 11, 52, 67, 12, 76, 104, 146], "distancia": 246.57627171760822, "tiempo": 262.8583490848541}}