{"genetico": {"ruta": [90, 107, 142, 51, 80, 130, 0, 70, 30, 108, 21, 76, 115, 112, 13, 4, 127, 36, 43, 103, 58, 134, 119, 123, 61, 23, 34, 57, 7, 113, 15, 35, 95, 54, 38, 147, 42, 45, 71, 109, 118, 73, 136, 146, 39, 47, 14, 16, 12, 106, 89, 49, 125, 98, 128, 59, 68, 41, 138, 117, 66, 145, 96, 85, 97, 124, 141, 53, 32, 121, 9, 140, 1, 126, 27, 63, 8, 11, 64, 110, 131, 122, 3, 60, 2, 56, 102, 137, 79, 111, 92, 20, 87, 82, 116, 94, 26, 133, 99, 44, 132, 10, 114, 17, 50, 91, 86, 144, 65, 139, 129, 81, 29, 5, 6, 88, 62, 104, 75, 105, 77, 37, 69, 48, 100, 24, 67, 18, 84, 83, 120, 55, 148, 22, 28, 72, 46, 93, 25, 143, 33, 19, 78, 31, 101, 74, 52, 135, 149, 40], "distancia": 1112.3152994022448}, "aco": {"ruta": [121, 109, 13, 140, 70, 104, 7, 62, 102, 9, 135, 61, 53, 17, 34, 106, 32, 144, 14, 149, 118, 137, 0, 125, 114, 68, 97, 76, 52, 11, 67, 12, 27, 18, 69, 5, 143, 132, 127, 46, 57, 16, 50, 25, 8, 128, 148, 38, 130, 54, 72, 22, 33, 117, 145, 29, 59, 44, 83, 89, 81, 95, 19, 35, 80, 36, 40, 134, 129, 55, 123, 66, 58, 138, 110, 64, 124, 78, 90, 71, 75, 139, 98, 43, 45, 94, 93, 96, 51, 41, 131, 120, 103, 122, 39, 47, 74, 126, 136, 1, 107, 24, 31, 146, 111, 108, 73, 48, 3, 60, 42, 49, 26, 20, 116, 133, 86, 82, 92, 2, 87, 100, 91, 37, 88, 77, 112, 119, 142, 101, 65, 99, 6, 147, 105, 15, 23, 56, 63, 28, 113, 79, 85, 4, 115, 21, 84, 10, 141, 30, 121], "distancia": 244.27662361679697}}