{"genetico": {"ruta": [70, 42, 59, 73, 64, 96, 23, 1, 90, 38, 24, 13, 39, 49, 71, 17, 12, 77, 69, 85, 83, 4, 30, 81, 14, 28, 55, 35, 0, 10, 65, 9, 56, 52, 76, 27, 36, 60, 22, 31, 6, 19, 40, 44, 7, 3, 25, 45, 72, 84, 58, 92, 89, 78, 75, 41, 29, 99, 20, 66, 43, 32, 91, 63, 33, 51, 74, 46, 8, 61, 26, 47, 34, 48, 88, 18, 67, 98, 5, 16, 86, 95, 57, 62, 68, 11, 37, 2, 79, 54, 53, 15, 94, 21, 97, 87, 50, 93, 82, 80], "distancia": 714.8211474742899, "tiempo": 3.9900729656219482}, "aco": {"ruta": [9, 61, 56, 98, 21, 94, 17, 8, 19, 49, 51, 74, 46, 0, 55, 18, 2, 57, 73, 96, 15, 50, 10, 36, 33, 87, 62, 63, 91, 37, 35, 20, 99, 78, 75, 11, 30, 68, 29, 41, 4, 39, 89, 84, 71, 28, 58, 72, 83, 34, 85, 92, 48, 67, 43, 66, 97, 24, 7, 13, 88, 52, 22, 90, 6, 44, 69, 59, 25, 1, 70, 42, 47, 82, 38, 95, 45, 26, 16, 5, 53, 81, 76, 31, 3, 86, 32, 60, 77, 12, 54, 14, 27, 79, 93, 64, 80, 40, 23, 65, 9], "distancia": 170.5024231421033, "tiempo": 122.89422798156738}}