{"genetico": {"ruta": [3, 86, 13, 28, 25, 53, 69, 34, 27, 72, 50, 91, 36, 41, 4, 39, 89, 71, 48, 15, 19, 40, 33, 90, 68, 99, 78, 11, 30, 29, 20, 76, 54, 44, 87, 96, 35, 75, 64, 77, 83, 79, 67, 18, 38, 5, 16, 81, 95, 62, 63, 37, 0, 21, 49, 10, 74, 73, 8, 51, 46, 2, 56, 23, 52, 9, 60, 7, 6, 59, 14, 31, 45, 98, 43, 24, 93, 84, 88, 47, 61, 97, 92, 58, 66, 17, 55, 65, 85, 42, 82, 26, 70, 80, 94, 22, 32, 57, 1, 12], "distancia": 652.0883424124548}, "aco": {"ruta": [86, 32, 60, 77, 12, 54, 14, 27, 79, 7, 13, 24, 97, 43, 80, 64, 93, 40, 23, 65, 9, 61, 56, 98, 21, 94, 18, 55, 74, 46, 0, 51, 49, 19, 8, 17, 2, 15, 50, 10, 36, 33, 87, 62, 63, 91, 37, 35, 20, 99, 78, 75, 11, 30, 68, 29, 41, 4, 39, 89, 84, 71, 28, 58, 72, 83, 34, 85, 92, 48, 67, 57, 73, 96, 66, 88, 52, 22, 90, 6, 44, 69, 59, 25, 1, 70, 42, 47, 82, 38, 81, 45, 95, 26, 16, 5, 53, 3, 31, 76, 86], "distancia": 172.04058537275932}}